sno,complaint,complaint_type,recieved_date,incident_date,county,incident_closed_date,incident_status_desc,incident_zip
1,293265,['Other'],2024-10-09,2024-10-09,Allegany,2024-10-11,Incident Closed - No further action,21502
2,293262,['Fugitive Dust/Particulate Matter'],2024-10-11,2024-10-10,Talbot,,Under Investigation,21601
3,293260,['Other'],2024-10-07,2024-10-07,Prince George's,2024-10-11,Incident Closed-Managed,
4,293252,['Air'],2024-10-07,2024-10-07,Anne Arundel,2024-10-07,Incident Closed - No further action,21076
5,293250,['Other'],2024-10-05,2024-10-05,Prince George's,2024-10-07,Incident Closed-Managed,
6,293249,['Other'],2024-10-03,2024-10-03,Prince George's,2024-10-07,Incident Closed-Managed,
7,293247,['Odor'],2024-09-26,2024-09-26,Dorchester,2024-09-26,Incident Closed - No further action,21835
8,293246,['Odor'],2024-09-13,2024-09-13,Dorchester,2024-09-13,Incident Closed - No further action,21835
9,293245,['Odor'],2024-08-22,2024-08-22,Dorchester,2024-08-22,Incident Closed - No further action,21835
10,293239,['Air'],2024-10-04,2024-10-03,Anne Arundel,,Under Investigation,
11,293238,['Air'],2024-10-03,2024-10-03,Anne Arundel,2024-10-08,Incident Closed-Managed,21060
12,293237,['Air'],2024-09-12,2024-09-12,Harford,2024-10-04,Incident Closed-Managed,
13,293231,['Odor'],2024-09-30,2024-09-30,Baltimore City,2024-10-02,Incident Closed-Managed,
14,293230,['ARA AQCP non-regulated entity'],2024-09-26,2024-09-26,Baltimore,2024-10-02,Incident Closed-Managed,
15,293229,['Fugitive Dust/Particulate Matter'],2024-09-24,2024-09-24,Baltimore City,2024-10-02,Incident Closed-Managed,
16,293228,['Fugitive Dust/Particulate Matter'],2024-09-23,2024-09-23,Baltimore,2024-10-02,Incident Closed-Managed,
17,293227,['Odor'],2024-09-23,2024-09-23,Baltimore City,2024-10-02,Incident Closed-Managed,
18,293226,['Odor'],2024-09-20,2024-09-20,Baltimore City,2024-10-04,Incident Closed-Managed,
19,293225,['Fugitive Dust/Particulate Matter'],2024-09-17,2024-09-17,Baltimore,2024-10-02,Incident Closed-Managed,
20,293224,['Fugitive Dust/Particulate Matter'],2024-09-16,2024-09-16,Baltimore,2024-10-02,Incident Closed-Managed,
21,293220,['Odor'],2024-09-15,2024-09-15,Baltimore City,2024-10-02,Incident Closed-Managed,
22,293219,['Odor'],2024-09-14,2024-09-14,Baltimore City,2024-10-02,Incident Closed-Managed,
23,293218,['Fugitive Dust/Particulate Matter'],2024-09-12,2024-09-12,Baltimore,2024-10-02,Incident Closed-Managed,
24,293217,['Other'],2024-09-12,2024-09-12,Baltimore,2024-10-02,Incident Closed - No further action,
25,293216,['Odor'],2024-09-10,2024-09-10,Baltimore City,2024-10-01,Incident Closed-Managed,
26,293215,['Other'],2024-09-09,2024-09-09,Baltimore,2024-10-01,Incident Closed - No further action,
27,293214,['ARA AQCP non-regulated entity'],2024-09-09,2024-09-09,Baltimore,2024-10-01,Incident Closed - No further action,
28,293213,['Odor'],2024-08-30,2024-08-30,Baltimore City,2024-10-01,Incident Closed-Managed,
29,293212,['Odor'],2024-08-29,2024-08-29,Baltimore City,2024-10-01,Incident Closed-Managed,
30,293210,['Odor'],2024-08-15,2024-08-15,Anne Arundel,2024-10-01,Incident Closed-Managed,
31,293209,['Odor'],2024-08-15,2024-08-15,Anne Arundel,2024-10-01,Incident Closed-Managed,
32,293208,['Odor'],2024-08-15,2024-08-15,Anne Arundel,2024-10-01,Incident Closed-Managed,
33,293207,['Odor'],2024-08-06,2024-08-06,Baltimore City,2024-10-01,Incident Closed - No further action,
34,293205,['Odor'],2024-07-26,2024-07-26,Baltimore City,2024-10-01,Incident Closed-Managed,
35,293204,['Odor'],2024-07-23,2024-07-23,Baltimore City,2024-10-01,Incident Closed-Managed,
36,293203,['Odor'],2024-07-22,2024-07-22,Baltimore City,2024-10-01,Incident Closed-Managed,
37,293182,['Air'],2024-09-19,2024-09-19,Anne Arundel,2024-09-19,Incident Closed-No Violation Observed,
38,293179,['Odor'],2024-09-20,2024-09-20,Caroline,,Incident Not Applicable to MDE,21636
39,293176,['Other'],2024-09-18,2024-09-18,Prince George's,2024-09-20,Incident Closed-Managed,
40,293175,['Fugitive Dust/Particulate Matter'],2024-09-12,2024-09-12,Baltimore,2024-09-20,Incident Closed-Managed,
41,293174,['Open Burning'],2024-09-13,2024-09-12,Allegany,,Referred to Outside Agency,21545
42,283166,['Other'],2024-09-13,2024-09-13,Prince George's,2024-09-18,Incident Closed-Managed,
43,283164,['Air'],2024-09-16,2024-09-16,Anne Arundel,2024-09-30,Incident Closed-No Violation Observed,21037
44,283162,['Fugitive Dust/Particulate Matter'],2024-09-06,2024-09-06,Washington,,Under Investigation,21740
45,283161,['Fugitive Dust/Particulate Matter'],2024-09-05,2024-08-29,Washington,,Under Investigation,21740
46,283159,['Fugitive Dust/Particulate Matter'],2024-09-05,2024-09-05,Washington,,Under Investigation,21740
48,283157,['Air'],2024-09-16,2024-09-16,Prince George's,2024-09-17,Incident Closed-Managed,20740
49,283156,['Fugitive Dust/Particulate Matter'],2024-09-17,2024-09-16,Caroline,2024-09-18,Incident Closed-No Violation Observed,21632
50,283151,['Air'],2024-09-12,,Harford,2024-09-17,Incident Closed-Managed,
51,283150,['Odor'],2024-09-12,2024-09-12,Baltimore City,2024-09-17,Incident Closed-Managed,
52,283149,"['Air', 'Asbestos Complaint', 'Fugitive Dust/Particulate Matter']",2024-09-03,2024-07-30,Montgomery,2024-09-16,Incident Closed-Managed,20837
53,283148,"['Air', 'Odor']",2024-09-05,2024-08-22,Montgomery,,Referred to Outside Agency,20910
54,283147,"['Air', 'Odor', 'Other']",2024-09-04,2024-09-04,Montgomery,,Referred to Outside Agency,20906
55,283141,['Air'],2024-09-16,2024-09-16,Baltimore City,,Under Investigation,21226
56,283136,['Other'],2024-09-11,2024-09-11,Howard,2024-09-13,Incident Closed-Managed,
57,283135,['Other'],2024-09-11,2024-09-11,Howard,2024-09-13,Incident Closed-Managed,
58,283134,['Other'],2024-09-11,2024-09-11,Howard,2024-09-13,Incident Closed-Managed,
59,283133,['Other'],2024-09-10,2024-09-10,Howard,2024-09-13,Incident Closed-Managed,
60,283132,['Other'],2024-09-06,2024-09-06,Prince George's,2024-09-13,Incident Closed-Managed,20722
61,283131,['Other'],2024-09-05,2024-09-05,Howard,2024-09-13,Incident Closed-Managed,21075
62,283130,['Odor'],2024-09-13,2024-09-11,Howard,2024-09-13,Incident Closed - No further action,21044
63,283129,['Odor'],2024-09-13,2024-09-11,Howard,2024-09-13,Incident Closed - No further action,21044
64,283127,['Air'],2024-09-11,2024-09-11,Anne Arundel,2024-09-12,Incident Closed-No Violation Observed,21401
65,283107,['Air'],2024-09-09,2024-09-09,Anne Arundel,2024-09-09,Incident Closed - No further action,21037
66,283094,['Odor'],2024-09-05,2024-09-02,Anne Arundel,2024-09-05,Incident Closed-No Violation Observed,21122
67,283092,['Air'],2024-09-05,2024-09-05,Anne Arundel,2024-09-12,Incident Closed-No Violation Observed,21090
68,283080,['Air'],2024-09-03,2024-09-03,Anne Arundel,2024-09-09,Incident Closed-No Violation Observed,
69,283079,['Air'],2024-09-03,2024-08-29,Frederick,2024-09-06,Incident Closed - No further action,
70,283078,['Air'],2024-09-03,2024-08-30,Anne Arundel,2024-09-11,Incident Closed-No Violation Observed,
71,283073,['Other'],2024-08-29,2024-08-29,Prince George's,2024-08-30,Incident Closed-Managed,20781
72,283072,['Other'],2024-08-15,2024-08-15,Prince George's,2024-09-20,Incident Closed-Managed,20737
74,283061,['Air'],2024-08-28,2024-08-28,Anne Arundel,2024-08-28,Incident Closed-No Violation Observed,
75,283060,['Air'],2024-08-28,2024-08-28,Anne Arundel,2024-08-28,Incident Closed - No further action,21061
76,283059,['Air'],2024-08-27,2024-08-27,Frederick,2024-09-03,Incident Closed-No Violation Observed,
77,283056,['Smoke'],2024-08-27,2024-08-27,Allegany,,Referred to Outside Agency,26753
78,283055,['Air'],2024-08-27,2024-08-27,Frederick,2024-08-28,Incident Closed-Managed,21757
79,283053,['Oil Release/Spill (Surface)'],2024-08-26,2024-08-26,Allegany,,Referred to LMA,21502
80,283052,['Odor'],2024-08-22,2024-08-22,Dorchester,,Referred to ARA,21835
81,283051,['Air'],2024-08-23,2024-08-23,Anne Arundel,2024-08-27,Incident Closed - No further action,21144
82,283050,['Air'],2024-08-23,2024-08-23,Anne Arundel,2024-08-28,Incident Closed - No further action,
83,283041,['Air'],2024-08-12,2024-08-12,Harford,,Referred to Outside Agency,
84,273030,['Air'],2024-08-21,2024-08-21,Frederick,2024-08-22,Incident Closed-No Violation Observed,
85,273007,['Air'],2024-08-12,2024-08-12,Montgomery,,Referred to Outside Agency,20910-484
86,272998,['Other'],2024-08-07,2024-08-07,Howard,2024-08-12,Incident Closed-Managed,
87,272992,"['Air', 'Open Burning', 'Smoke']",2024-08-06,2024-08-06,Cecil,,Referred to LMA,21921
88,272991,['Odor'],2024-08-02,2024-08-02,Baltimore,2024-08-09,Incident Closed-Managed,
89,272989,['Smoke'],2024-07-30,2024-07-31,Baltimore,2024-08-09,Incident Closed-Managed,21228
90,272987,['Air'],2024-08-08,2024-08-08,Frederick,2024-08-09,Incident Closed-No Violation Observed,
91,272986,['Odor'],2024-08-07,2024-08-05,Baltimore City,2024-08-05,Incident Closed - No further action,21226
92,272976,['Air'],2024-07-29,2024-07-29,Charles,2024-08-07,Incident Closed-Managed,20695
93,272972,['Odor'],2024-07-27,2024-07-27,Dorchester,2024-07-27,Incident Closed - No further action,21835
94,272971,['Odor'],2024-07-20,2024-07-20,Dorchester,2024-07-20,Incident Closed - No further action,21835
95,272970,['Odor'],2024-07-20,2024-07-20,Dorchester,2024-07-20,Incident Closed - No further action,21835
96,272969,['Other'],2024-08-02,2024-08-02,Howard,2024-08-05,Incident Closed-Managed,
97,272966,['Other'],2024-07-30,2024-07-30,Allegany,,Under Investigation,21542
98,272963,['Odor'],2024-08-01,2024-08-01,Allegany,,Under Investigation,21502
99,272962,['Oil Release/Spill'],2024-07-24,2024-07-24,Garrett,2024-08-05,Incident Closed - No further action,
100,272958,"['Air', 'Odor', 'Open Burning', 'Smoke']",2024-08-01,2024-08-01,Cecil,,Referred to Outside Agency,21921
101,272954,['Other'],2024-08-02,2024-08-02,Prince George's,2024-08-02,Incident Closed-Managed,20748
102,272943,"['Air', 'Odor']",2024-07-30,2024-07-30,Montgomery,,Referred to Outside Agency,20910
103,272937,"['Air', 'Other']",2024-07-26,2024-07-15,Carroll,,Referred to WMA,21158
104,272935,['Air'],2024-07-26,2024-07-11,Montgomery,,Referred to Outside Agency,20850
105,272935,['Air'],2024-07-26,2024-07-11,Montgomery,,Referred to Outside Agency,20850
106,272933,['Other'],2024-07-26,2024-07-24,Prince George's,2024-07-26,Incident Closed-Managed,
107,272916,['Open Burning'],2024-07-12,2024-07-12,Allegany,,Referred to Outside Agency,21545
108,272915,['Asbestos Complaint'],2024-07-11,2024-07-11,Allegany,,Referred to ARA,21540-109
109,272913,['Odor'],2024-07-11,2024-07-11,St. Mary's,2024-07-22,Incident Closed-Managed,
110,272901,"['Air', 'Fugitive Dust/Particulate Matter']",2024-07-10,2024-07-10,Cecil,2024-07-18,Incident Closed-Managed,21918
111,272897,['Air'],2024-07-16,2024-07-16,Anne Arundel,2024-07-24,Incident Closed - No further action,21037
112,272880,['Air'],2024-07-15,2024-06-19,Washington,2024-07-15,Incident Closed - No further action,
113,262877,['Air'],2024-07-11,2024-07-11,St. Mary's,2024-07-15,Incident Closed-Managed,
114,252880,"['Air', 'Other']",2024-07-09,2024-07-09,Montgomery,,Referred to Outside Agency,20910-484
115,252879,"['Air', 'Odor']",2024-07-09,2024-07-09,Carroll,,Referred to Outside Agency,21158
116,252877,['Air'],2024-07-09,2024-07-09,Anne Arundel,2024-07-10,Incident Closed-No Violation Observed,20764
117,252874,['Odor'],2024-07-09,2024-07-09,Baltimore City,2024-07-09,Incident Closed-Managed,
118,252873,['Odor'],2024-07-02,2024-07-02,Baltimore City,2024-07-09,Incident Closed-Managed,
119,252872,['Odor'],2024-06-28,2024-06-28,Baltimore City,2024-07-09,Incident Closed-Managed,
120,252871,['Air'],2024-06-25,2024-06-25,Baltimore,2024-07-09,Incident Closed-Managed,
121,252870,['Odor'],2024-06-18,2024-06-18,Baltimore,2024-07-09,Incident Closed-Managed,
122,252869,['Odor'],2024-06-16,2024-06-16,Baltimore City,2024-07-09,Incident Closed-Managed,
123,252868,['ARA AQCP non-regulated entity'],2024-06-14,2024-06-14,Baltimore,2024-07-09,Incident Closed - No further action,
124,252867,['Fugitive Dust/Particulate Matter'],2024-06-13,2024-06-13,Baltimore City,2024-07-09,Incident Closed-Managed,
125,252866,['Odor'],2024-06-05,2024-06-05,Baltimore City,2024-07-09,Incident Closed-Managed,
126,252864,['Fugitive Dust/Particulate Matter'],2024-07-08,2024-07-08,Allegany,2024-09-23,Incident Closed-Managed,21540-109
127,252862,['Abandoned Drums/Tanks'],2024-07-08,2024-07-08,Allegany,,Referred to LMA,21501
128,252861,['Air'],2024-07-02,2024-07-02,Anne Arundel,2024-07-03,Incident Closed-No Violation Observed,21060
129,252847,['Other'],2024-07-03,2024-07-03,Prince George's,2024-07-05,Incident Closed-Managed,
130,252846,['Other'],2024-07-02,2024-07-02,Prince George's,2024-07-05,Incident Closed-Managed,20785
131,252844,['Fugitive Dust/Particulate Matter'],2024-07-01,2024-06-29,Allegany,2024-09-23,Incident Closed-Managed,21540-109
132,252842,"['Noise Complaint', 'Other']",2024-06-27,2024-06-27,Washington,,Referred to Outside Agency,21783
133,252839,['Odor'],2024-06-04,2024-06-04,Baltimore City,2024-07-03,Incident Closed-Managed,
134,252838,['Odor'],2024-06-01,2024-06-01,Baltimore City,2024-07-03,Incident Closed-Managed,
135,252837,['Odor'],2024-05-26,2024-05-26,Baltimore City,2024-07-03,Incident Closed-Managed,
136,252836,['Fugitive Dust/Particulate Matter'],2024-05-23,2024-05-23,Baltimore,2024-07-03,Incident Closed-Managed,
137,252835,['Odor'],2024-05-22,2024-05-22,Baltimore,2024-07-03,Incident Closed-Managed,
138,252834,['Odor'],2024-05-17,2024-05-17,Baltimore City,2024-07-03,Incident Closed-Managed,
139,252833,['Odor'],2024-05-16,2024-05-16,Baltimore City,2024-07-03,Incident Closed-Managed,
140,252823,['Air'],2024-06-28,2024-06-28,Anne Arundel,2024-07-03,Incident Closed-No Violation Observed,21060
141,252815,['Air'],2024-06-26,2024-06-25,Frederick,,Referred to Outside Agency,21788
142,252814,['Air'],2024-06-19,2024-06-19,Anne Arundel,2024-06-26,Incident Closed-No Violation Observed,
143,252810,['Fugitive Dust/Particulate Matter'],2024-06-25,2024-06-24,Talbot,2024-06-28,Incident Closed-Managed,
144,252806,"['Groundwater Contamination', 'Oil Release/Spill (Surface)', 'Open Burning', 'Other']",2024-06-14,2024-06-14,Allegany,,Referred to Outside Agency,21502
145,252804,['Air'],2024-06-20,2024-06-20,Carroll,2024-06-21,Incident Closed - No further action,21771
146,252802,['Other'],2024-06-20,2024-06-20,Prince George's,2024-06-21,Incident Closed-Managed,20737
147,252801,['Other'],2024-06-18,2024-06-18,Prince George's,2024-08-12,Incident Closed-Managed,20781
148,252800,['Other'],2024-06-14,2024-06-14,Prince George's,2024-06-21,Incident Closed-Managed,
149,252799,['Air'],2024-06-20,,Harford,2024-06-25,Incident Closed-No Violation Observed,
150,252793,['Fugitive Dust/Particulate Matter'],2024-06-18,,Harford,2024-06-25,Incident Closed-Managed,
151,252786,['Odor'],2024-06-17,2024-06-12,Prince George's,,Under Investigation,
152,252772,['Noise Complaint'],2024-05-16,2024-05-16,Washington,,Referred to Outside Agency,21783
153,252770,['Air'],2024-06-10,2024-06-10,Anne Arundel,2024-06-13,Incident Closed-No Violation Observed,21060
154,252769,['Air'],2024-06-10,2024-06-10,Anne Arundel,2024-06-13,Incident Closed-No Violation Observed,21060
155,252768,['Air'],2024-06-10,2024-06-10,Anne Arundel,2024-06-13,Incident Closed-No Violation Observed,21060
156,252767,['Air'],2024-06-10,2024-06-10,Anne Arundel,2024-06-13,Incident Closed-No Violation Observed,21060
157,252761,['Other'],2024-06-12,2024-06-12,Prince George's,2024-06-12,Incident Closed-Managed,
158,252760,['Other'],2024-06-11,2024-06-11,Howard,2024-06-11,Incident Closed-Managed,
159,252759,['Air'],2024-06-11,2024-06-11,Frederick,,Referred to Attorney General's Office,21757
160,252758,"['Odor', 'Smoke']",2024-06-12,2024-05-26,Worcester,,Referred to Outside Agency,21863
161,252757,"['Odor', 'Open Burning', 'Smoke']",2024-06-12,2024-05-29,Worcester,,Referred to Outside Agency,21863
162,252756,"['Odor', 'Smoke']",2024-06-12,2024-05-28,Worcester,,Referred to Outside Agency,21863
163,252752,['Air'],2024-06-11,2024-06-10,Frederick,,Referred to Attorney General's Office,21757
164,252720,['Fugitive Dust/Particulate Matter'],2024-06-04,2024-06-04,Kent,2024-06-05,Incident Closed-No Violation Observed,21620
165,252718,"['Odor', 'Smoke']",2024-06-03,2024-05-20,Worcester,2024-06-14,Incident Closed-Managed,21863
166,252717,"['Fugitive Dust/Particulate Matter', 'Odor']",2024-06-03,2024-05-16,Worcester,2024-09-09,Incident Closed - No further action,21863
167,252716,['Fumes'],2024-06-03,2024-05-21,Worcester,2024-06-14,Incident Closed-Managed,21863
168,252712,['Air'],2024-05-31,2024-05-31,Frederick,2024-06-11,Incident Closed-No Violation Observed,21788
169,252711,['Air'],2024-05-23,2024-05-23,Frederick,,Referred to Attorney General's Office,21757
170,252711,['Air'],2024-05-23,2024-05-23,Frederick,,Referred to Attorney General's Office,21757
171,252710,['Air'],2024-05-22,2024-05-22,Frederick,,Referred to Attorney General's Office,21757
172,252710,['Air'],2024-05-22,2024-05-22,Frederick,,Referred to Attorney General's Office,21757
173,252697,['Other'],2024-05-28,2024-05-29,Prince George's,2024-05-29,Incident Closed-Managed,
174,252696,['Odor'],2024-05-28,2024-05-26,Worcester,,Referred to Outside Agency,21863
175,252695,['Odor'],2024-05-20,2024-05-20,Dorchester,2024-05-20,Incident Closed - No further action,21835
176,252691,"['Air', 'Odor']",2024-05-21,2024-05-21,Carroll,,Referred to Outside Agency,21784
177,242688,['Odor'],2024-05-20,2024-05-17,Worcester,2024-05-21,Incident Closed-No Violation Observed,21811
178,242682,['Other'],2024-05-20,2024-05-20,Prince George's,2024-05-22,Incident Closed-Managed,
179,242681,['Other'],2024-05-15,2024-05-15,Prince George's,2024-05-22,Incident Closed-Managed,
180,242675,['Odor'],2024-04-23,2024-04-22,Prince George's,,Under Investigation,20743
181,242674,['Smoke'],2024-05-21,2024-04-19,Prince George's,,Under Investigation,20743
182,242664,['Other'],2024-05-14,2024-05-14,Prince George's,2024-05-17,Incident Closed-Managed,
183,242663,['Odor'],2024-05-16,2024-05-16,Worcester,,Referred to Outside Agency,21863
184,242661,['Air'],2024-05-15,2024-05-15,Anne Arundel,2024-05-16,Incident Closed - No further action,20724
185,242656,['Odor'],2024-05-10,2024-05-10,Baltimore City,2024-05-14,Incident Closed-Managed,
186,242655,['Odor'],2024-05-06,2024-05-06,Baltimore City,2024-05-14,Incident Closed-Managed,
187,242654,['Fugitive Dust/Particulate Matter'],2024-05-01,2024-05-01,Baltimore City,2024-05-14,Incident Closed-Managed,
188,242653,['Fugitive Dust/Particulate Matter'],2024-04-30,2024-04-30,Baltimore City,2024-05-14,Incident Closed-Managed,
189,242652,['Odor'],2024-04-26,2024-04-26,Baltimore City,2024-05-14,Incident Closed-Managed,
190,242651,['Odor'],2024-04-24,2024-04-24,Baltimore City,2024-05-14,Incident Closed-Managed,
191,242650,['Fugitive Dust/Particulate Matter'],2024-04-22,2024-04-22,Baltimore City,2024-05-14,Incident Closed-Managed,
192,242648,['Odor'],2024-04-09,2024-04-09,Baltimore City,2024-05-14,Incident Closed-Managed,
193,242647,['Odor'],2024-04-14,2024-04-14,Baltimore City,2024-05-14,Incident Closed-Managed,
194,242640,"['Air', 'Odor']",2024-05-07,2024-05-07,Talbot,2024-05-08,Incident Closed-Managed,21673
195,242639,['Asbestos Complaint'],2024-05-10,2024-05-10,Allegany,,Referred to ARA,21502
196,242638,['Water Pollutant Release'],2024-05-08,2024-05-08,Washington,,Referred to WMA,
197,242635,['Fugitive Dust/Particulate Matter'],2024-04-11,2024-04-11,Baltimore City,2024-05-10,Incident Closed-Managed,
198,242634,['Odor'],2024-04-11,2024-04-11,Baltimore City,2024-05-10,Incident Closed-Managed,
199,242633,['Fugitive Dust/Particulate Matter'],2024-05-07,2024-05-07,Talbot,2024-05-08,Incident Closed-No Violation Observed,
200,242633,['Fugitive Dust/Particulate Matter'],2024-05-07,2024-05-07,Talbot,2024-05-08,Incident Closed-No Violation Observed,21673
201,242629,['Air'],2024-05-07,2024-05-07,Anne Arundel,2024-05-10,Incident Closed-No Violation Observed,
202,242626,['Odor'],2024-05-07,2024-05-07,Montgomery,,Referred to WMA,20874
203,242622,['Odor'],2024-04-10,2024-04-10,Baltimore City,2024-05-08,Incident Closed-Managed,
204,242621,['Odor'],2024-04-08,2024-04-08,Baltimore City,2024-05-08,Incident Closed-Managed,
205,242620,['Smoke'],2024-04-04,2024-04-04,Baltimore City,2024-05-08,Incident Closed-Managed,
206,242602,"['Air', 'Odor', 'Open Burning']",2024-05-01,2024-05-01,Cecil,,Referred to Outside Agency,21901
207,242600,"['Air', 'Odor']",2024-05-03,2024-05-03,Cecil,,Referred to LMA,21911
208,242595,['Possible Permit Violation'],2024-04-23,2024-04-23,Washington,2024-07-03,Incident Closed - No further action,21783
209,242585,['Smoke'],2024-04-23,2024-04-23,Allegany,2024-09-23,Incident Closed-No Violation Observed,21540-109
210,242580,['Other'],2024-05-01,2024-05-01,Prince George's,2024-07-03,Incident Closed-Managed,
211,242579,['Other'],2024-04-29,,Prince George's,2024-04-29,Incident Closed-Managed,
212,242578,['Other'],2024-04-25,2024-05-25,Howard,2024-05-03,Incident Closed-Managed,
213,242556,['Air'],2024-04-26,2024-04-26,Anne Arundel,2024-04-30,Incident Closed-No Violation Observed,21122
214,242555,['Air'],2024-04-29,2024-04-29,Charles,2024-04-29,Incident Closed - No further action,20695
215,242550,['Air'],2024-04-26,2024-04-26,Anne Arundel,2024-04-26,Incident Closed-No Violation Observed,21037
216,242549,['Air'],2024-04-24,2024-04-24,Anne Arundel,2024-04-26,Incident Closed-No Violation Observed,21122
217,242546,['Air'],2024-04-24,2024-04-24,Anne Arundel,2024-05-09,Incident Closed-No Violation Observed,21060
218,242545,['Odor'],2024-04-24,2024-04-23,Worcester,2024-04-24,Incident Closed-No Violation Observed,21811
219,242544,['Air'],2024-04-23,2024-04-23,Frederick,2024-04-25,Incident Closed-No Violation Observed,21788
220,242543,['Air'],2024-04-19,2024-04-19,Frederick,2024-04-24,Incident Closed-No Violation Observed,21788
221,242542,['Odor'],2024-04-23,2024-04-23,Dorchester,2024-04-23,Incident Closed - No further action,21835
222,242533,['Air'],2024-04-19,2024-04-19,Anne Arundel,2024-05-09,Incident Closed-No Violation Observed,21060
223,242532,['Other'],2024-04-16,2024-04-16,Prince George's,2024-04-19,Incident Closed-Managed,
224,242530,['Other'],2024-04-16,2024-04-16,Prince George's,2024-04-19,Incident Closed-Managed,
225,242524,"['Air', 'Open Burning', 'Smoke']",2024-04-15,2024-04-15,Cecil,,Referred to LMA,21921
226,242508,['Air'],2024-04-13,2024-04-13,Anne Arundel,2024-04-16,Incident Closed-Managed,21403
227,242507,['Air'],2024-04-15,2024-04-15,Frederick,,Referred to Attorney General's Office,21757
228,242507,['Air'],2024-04-15,2024-04-15,Frederick,,Referred to Attorney General's Office,21757
229,242506,['Air'],2024-04-15,2024-04-15,Frederick,,Referred to Attorney General's Office,21757
230,242506,['Air'],2024-04-15,2024-04-15,Frederick,,Referred to Attorney General's Office,21757
231,242504,['Other'],2024-04-12,2024-04-11,Prince George's,2024-04-15,Incident Closed-Managed,
232,242503,['Other'],2024-04-11,2024-04-11,Prince George's,2024-04-15,Incident Closed-Managed,
233,242502,['Other'],2024-04-11,2024-04-11,Prince George's,2024-04-15,Incident Closed-Managed,
234,242500,['Other'],2024-04-11,2024-04-11,Prince George's,2024-04-15,Incident Closed-Managed,
235,242499,['Other'],2024-04-11,2024-04-11,Prince George's,2024-04-15,Incident Closed-Managed,
236,242498,['Other'],2024-04-08,2024-04-08,Prince George's,2024-04-15,Incident Closed-Managed,
237,242497,['Other'],2024-04-08,2024-04-08,Prince George's,2024-04-12,Incident Closed-Managed,20743
238,242496,['Other'],2024-04-08,2024-04-08,Prince George's,2024-04-12,Incident Closed-Managed,20743
239,242495,['Other'],2024-04-08,2024-04-08,Prince George's,2024-04-12,Incident Closed-Managed,20743
240,242494,['Other'],2024-04-08,2024-04-08,Prince George's,2024-04-12,Incident Closed-Managed,20743
241,242493,['Other'],2024-04-08,2024-04-08,Prince George's,2024-04-12,Incident Closed-Managed,20743
242,242492,['Other'],2024-04-08,2024-04-08,Prince George's,2024-04-12,Incident Closed-Managed,20743
243,242491,['Other'],2024-04-08,2024-04-08,Prince George's,2024-04-12,Incident Closed-Managed,20743
244,242490,['Other'],2024-04-08,2024-04-08,Prince George's,2024-04-12,Incident Closed-Managed,20743
245,242489,['Other'],2024-04-08,2024-04-08,Prince George's,2024-04-12,Incident Closed-Managed,20743
246,242488,['Other'],2024-04-08,2024-04-08,Prince George's,2024-04-12,Incident Closed-Managed,20743
247,242487,['Other'],2024-04-08,2024-04-08,Prince George's,2024-04-12,Incident Closed-Managed,20743
248,242486,['Other'],2024-04-08,2024-04-08,Prince George's,2024-04-12,Incident Closed-Managed,20743
249,242484,['Fugitive Dust/Particulate Matter'],2024-04-11,2024-04-11,Worcester,2024-04-18,Incident Closed-Managed,21851
250,242483,['Air'],2024-04-11,2024-04-11,Frederick,,Referred to Attorney General's Office,21757
251,242482,['Air'],2024-04-10,2024-04-10,Charles,,Referred to Outside Agency,20622
252,242479,['Air'],2024-03-28,2024-03-28,Baltimore,2024-04-11,Incident Closed-Managed,21227
253,242478,['Air'],2024-04-10,2024-04-10,Baltimore,2024-04-11,Incident Closed-Managed,21227
254,242477,['Air'],2024-04-03,2024-04-03,Baltimore,2024-04-30,Incident Closed-Managed,21227
255,242476,['Odor'],2024-04-08,2024-04-09,Harford,2024-04-30,Incident Closed-Managed,21040
256,242463,['Air'],2024-03-30,2024-03-30,Anne Arundel,2024-04-08,Incident Closed - No further action,21146
257,242461,['Air'],2024-04-03,2024-04-03,Anne Arundel,,Under Investigation,20711
258,242460,['Air'],2024-04-01,2024-04-01,Anne Arundel,2024-04-10,Incident Closed-No Violation Observed,
259,242459,['Air'],2024-04-08,2024-04-01,Frederick,,Referred to Attorney General's Office,21757
260,242458,['Air'],2024-04-04,2024-04-04,Anne Arundel,2024-04-10,Incident Closed-No Violation Observed,21060
261,242456,['Suspected Operation without Permit'],2024-03-28,2024-03-28,Washington,,Referred to Outside Agency,21783
262,242455,['Open Burning'],2024-03-26,2024-03-26,Allegany,,Referred to Outside Agency,21502
263,242454,['Open Burning'],2024-03-25,2024-03-25,Garrett,,Referred to Outside Agency,
264,242436,['Odor'],2024-04-01,2024-04-01,Baltimore,2024-04-03,Incident Closed-Managed,
265,242435,['Odor'],2024-03-30,2024-03-30,Baltimore,2024-04-03,Incident Closed-Managed,
266,242434,['Fugitive Dust/Particulate Matter'],2024-03-28,2024-03-28,Baltimore,2024-04-03,Incident Closed-Managed,
267,242433,['Odor'],2024-03-27,2024-03-27,Baltimore City,2024-04-03,Incident Closed-Managed,
268,242432,['Odor'],2024-03-25,2024-03-25,Baltimore City,2024-04-03,Incident Closed-Managed,
269,242428,['Other'],2024-03-30,2024-03-30,Prince George's,2024-04-03,Incident Closed-Managed,
270,242424,"['Air', 'Fugitive Dust/Particulate Matter']",2024-03-29,2024-03-29,Montgomery,,Referred to Outside Agency,20817
271,242405,['Other'],2024-03-25,2024-03-25,Prince George's,2024-03-27,Incident Closed-Managed,
272,242404,['Other'],2024-03-25,2024-03-25,Prince George's,2024-03-27,Incident Closed-Managed,
273,242392,['Air'],2024-03-21,2024-03-21,Frederick,,Under Investigation,21703
274,242390,['Smoke'],2024-03-18,2024-03-18,Baltimore City,2024-03-22,Incident Closed-Managed,
275,242389,['Fugitive Dust/Particulate Matter'],2024-02-23,2024-02-23,Baltimore,2024-03-22,Incident Closed-Managed,
276,242388,['Odor'],2024-02-23,2024-02-23,Baltimore City,2024-03-22,Incident Closed-Managed,
277,242386,['Odor'],2024-03-14,2024-03-14,Baltimore City,2024-03-22,Incident Closed-Managed,
278,242385,['Odor'],2024-03-04,2024-03-04,Baltimore City,2024-03-22,Incident Closed-Managed,
279,242384,['Odor'],2024-03-09,2024-03-09,Baltimore City,2024-03-22,Incident Closed-Managed,
280,242383,['Odor'],2024-03-08,2024-03-08,Baltimore City,2024-03-22,Incident Closed-Managed,
281,242382,['Odor'],2024-03-05,2024-03-05,Baltimore City,2024-03-22,Incident Closed-Managed,
282,242381,['Odor'],2024-03-04,2024-03-04,Baltimore City,2024-03-22,Incident Closed-Managed,
283,242380,['Odor'],2024-03-01,2024-03-01,Baltimore City,2024-03-22,Incident Closed-Managed,
284,242379,['Odor'],2024-02-29,2024-02-29,Baltimore City,2024-03-22,Incident Closed-Managed,
285,242378,['Fugitive Dust/Particulate Matter'],2024-02-28,2024-02-28,Baltimore City,2024-03-22,Incident Closed-Managed,
286,232384,['Odor'],2024-02-28,2024-02-28,Baltimore City,2024-03-21,Incident Closed-Managed,
287,232383,['Fugitive Dust/Particulate Matter'],2024-02-28,2024-02-28,Baltimore City,2024-03-21,Incident Closed-Managed,
288,232382,['Odor'],2024-02-22,2024-02-22,Baltimore City,2024-03-21,Incident Closed-Managed,
289,232374,['Air'],2024-03-21,2024-03-21,Charles,,Under Investigation,20637
290,232372,['Odor'],2024-02-16,2024-02-16,Baltimore City,2024-03-20,Incident Closed-Managed,
291,232371,['Odor'],2024-02-12,2024-02-12,Baltimore City,2024-03-20,Incident Closed-Managed,
292,232369,['Air'],2024-03-19,2024-03-19,Anne Arundel,2024-03-20,Incident Closed-No Violation Observed,21401
293,232365,"['Air', 'Open Burning', 'Smoke']",2024-03-19,2024-03-19,Carroll,,Referred to Outside Agency,21776
294,232364,"['Air', 'Fumes', 'Odor', 'Smoke']",2024-03-14,2024-03-14,Cecil,,Referred to Outside Agency,
295,232363,"['Air', 'Smoke', 'Vapor Release']",2024-03-19,2024-03-14,Montgomery,2024-03-19,Incident Closed-Managed,20850
296,232361,['Air'],2024-03-17,2024-03-17,Anne Arundel,,Under Investigation,
297,232360,['Air'],2024-03-17,2024-03-17,Anne Arundel,,Under Investigation,
298,232359,"['Air', 'Fumes', 'Smoke']",2024-03-14,2024-03-14,Montgomery,2024-03-19,Incident Closed-Managed,20850
299,232358,"['Air', 'Fumes', 'Smoke']",2024-03-14,2024-03-14,Montgomery,2024-03-19,Incident Closed-Managed,20850
300,232354,['Other'],2024-03-16,2024-03-16,Prince George's,2024-03-18,Incident Closed-Managed,
301,232353,['Other'],2024-03-16,2024-03-16,Prince George's,2024-03-18,Incident Closed-Managed,
302,232351,['Other'],2024-03-13,2024-03-13,Prince George's,2024-03-18,Incident Closed-Managed,
303,232342,['Air'],2024-03-14,2024-03-14,Frederick,,Referred to Attorney General's Office,21757
304,232341,"['Air', 'Fumes', 'Odor']",2024-03-13,2024-03-13,Cecil,,Referred to Outside Agency,21911
305,232340,"['Air', 'Open Burning', 'Smoke']",2024-03-13,2024-03-13,Cecil,,Referred to Outside Agency,21921
306,232338,['Air'],2024-03-13,2024-03-13,Frederick,,Referred to Attorney General's Office,21757
307,232338,['Air'],2024-03-13,2024-03-13,Frederick,,Referred to Attorney General's Office,21757
308,232331,"['Air', 'Other']",2024-03-12,2024-03-12,Montgomery,2024-03-13,Incident Closed-Managed,20879
309,232330,"['Air', 'Air Pollutant Release']",2024-03-13,2024-03-13,Carroll,2024-03-13,Incident Closed-Managed,
310,232326,['Smoke'],2024-03-06,2023-12-10,Allegany,,Under Investigation,21502
311,232325,['Air'],2024-03-12,2024-03-12,Frederick,,Referred to Attorney General's Office,21757
312,232325,['Air'],2024-03-12,2024-03-12,Frederick,,Referred to Attorney General's Office,21757
313,232324,['Air'],2024-03-11,2024-03-11,Frederick,,Referred to Attorney General's Office,21757
314,232324,['Air'],2024-03-11,2024-03-11,Frederick,,Referred to Attorney General's Office,21757
315,232323,['Air'],2024-03-11,2024-03-11,Anne Arundel,2024-03-22,Incident Closed-Managed,21060
316,232322,['Air'],2024-03-11,2024-03-11,Anne Arundel,2024-03-22,Incident Closed-Managed,21060
317,232321,['Air'],2024-03-11,2024-03-11,Anne Arundel,2024-03-22,Incident Closed-Managed,21060
318,232320,['Air'],2024-03-08,2024-03-08,Anne Arundel,2024-03-22,Incident Closed-Managed,21060
319,232319,['Air'],2024-03-08,2024-03-08,Anne Arundel,2024-03-22,Incident Closed-Managed,21226
320,232316,['Air'],2024-03-08,2024-03-08,Anne Arundel,2024-03-22,Incident Closed-Managed,21060
321,232315,['Air'],2024-03-08,2024-03-08,Anne Arundel,2024-03-22,Incident Closed-No Violation Observed,21226
322,232314,['Air'],2024-03-07,2024-03-07,Anne Arundel,2024-03-22,Incident Closed-Managed,21060
323,232313,['Air'],2024-03-07,2024-03-07,Anne Arundel,2024-03-22,Incident Closed-Managed,21060
324,232312,['Air'],2024-03-07,2024-03-07,Anne Arundel,2024-03-22,Incident Closed-Managed,21060
325,232311,['Air'],2024-03-07,2024-03-07,Anne Arundel,2024-03-22,Incident Closed-Managed,21060
326,232309,['Air'],2024-03-07,2024-03-07,Anne Arundel,2024-03-22,Incident Closed-Managed,21060
327,232308,['Air'],2024-03-07,2024-03-07,Anne Arundel,2024-03-22,Incident Closed-Managed,21060
328,232307,['Air'],2024-03-07,2024-03-07,Anne Arundel,2024-03-22,Incident Closed-Managed,21060
329,232306,['Air'],2024-03-07,2024-03-07,Anne Arundel,2024-03-22,Incident Closed-Managed,21060
330,232305,['Air'],2024-03-07,2024-03-07,Anne Arundel,2024-03-22,Incident Closed-Managed,21060
331,232304,['Air'],2024-03-07,2024-03-07,Anne Arundel,2024-03-22,Incident Closed-Managed,21060
332,232303,['Air'],2024-03-07,2024-03-07,Anne Arundel,2024-03-22,Incident Closed-Managed,21060
333,232302,['Air'],2024-03-07,2024-03-07,Anne Arundel,2024-03-22,Incident Closed-Managed,21060
334,232301,['Air'],2024-03-07,2024-03-07,Anne Arundel,2024-03-22,Incident Closed-Managed,21060
335,232300,['Air'],2024-03-07,2024-03-07,Anne Arundel,2024-03-22,Incident Closed-Managed,21226
336,232299,['Air'],2024-03-07,2024-03-07,Anne Arundel,2024-03-22,Incident Closed-Managed,21060
337,232298,['Air'],2024-03-07,2024-03-07,Anne Arundel,2024-03-22,Incident Closed-Managed,21060
338,232296,['Air'],2024-03-07,2024-03-07,Anne Arundel,2024-03-22,Incident Closed-Managed,21060
339,232295,['Air'],2024-03-07,2024-03-07,Anne Arundel,2024-03-22,Incident Closed-Managed,21060
340,232291,['Air'],2024-03-07,2024-03-07,Anne Arundel,2024-03-22,Incident Closed-Managed,21226
341,232290,['Air'],2024-03-07,2024-03-07,Anne Arundel,2024-03-22,Incident Closed-Managed,21226
342,232289,['Air'],2024-03-07,2024-03-07,Anne Arundel,2024-03-22,Incident Closed-Managed,21226
343,232288,['Air'],2024-03-07,2024-03-07,Anne Arundel,2024-03-22,Incident Closed-Managed,21060
344,232287,['Air'],2024-03-07,2024-03-07,Anne Arundel,2024-03-22,Incident Closed-Managed,21060
345,232286,['Air'],2024-03-06,2024-03-06,Anne Arundel,2024-03-22,Incident Closed-Managed,
346,232285,['Air'],2024-03-06,2024-03-06,Anne Arundel,2024-03-22,Incident Closed-Managed,
347,232284,['Air'],2024-03-06,2024-03-06,Anne Arundel,2024-03-22,Incident Closed-Managed,
348,232281,['Air'],2024-03-08,2024-03-08,Anne Arundel,2024-05-31,Incident Closed-No Violation Observed,21122
349,232280,['Air'],2024-03-08,2024-03-08,Frederick,2024-05-31,Incident Closed-No Violation Observed,21701
350,232279,['Air'],2024-03-07,2024-03-07,Anne Arundel,2024-05-31,Incident Closed-No Violation Observed,21061
351,232278,['Air'],2024-03-07,2024-03-07,Anne Arundel,2024-05-31,Incident Closed-No Violation Observed,
352,232273,['Open Burning'],2024-03-11,2024-03-08,Caroline,2024-03-13,Incident Closed-No Violation Observed,21629
353,232264,['Other'],2024-03-06,2024-03-06,Prince George's,2024-03-08,Incident Closed-Managed,
354,232263,['Other'],2024-03-06,2024-03-06,Prince George's,2024-03-08,Incident Closed-Managed,
355,232262,['Other'],2024-03-06,2024-03-06,Prince George's,2024-03-08,Incident Closed-Managed,
356,232261,['Other'],2024-03-06,2024-03-06,Prince George's,2024-03-08,Incident Closed-Managed,
357,232260,['Other'],2024-03-06,2024-03-06,Prince George's,2024-03-08,Incident Closed-Managed,
358,232259,['Other'],2024-03-06,2024-03-06,Prince George's,2024-03-08,Incident Closed-Managed,
359,232258,['Other'],2024-03-06,2024-03-06,Prince George's,2024-03-08,Incident Closed-Managed,
360,232257,['Other'],2024-03-06,2024-03-06,Prince George's,2024-03-08,Incident Closed-Managed,
361,232253,['Air'],2024-03-07,2024-03-07,Anne Arundel,2024-05-31,Incident Closed-Managed,21226
362,232252,['Air'],2024-03-06,2024-03-06,Anne Arundel,2024-05-30,Incident Closed - No further action,21061
363,232250,['Air'],2024-03-06,2024-03-06,Anne Arundel,2024-05-30,Incident Closed-No Violation Observed,21061
364,232240,['Open Burning'],2024-03-04,2024-03-03,Wicomico,2024-03-06,Incident Closed-No Violation Observed,21804
365,232216,['Odor'],2024-03-01,2024-03-01,Dorchester,2024-03-01,Incident Closed - No further action,21835
366,232215,['Odor'],2024-03-01,2024-03-01,Dorchester,2024-03-01,Incident Closed - No further action,21835
367,232214,['Odor'],2024-02-26,2024-02-26,Dorchester,2024-02-26,Incident Closed - No further action,21835
368,232205,"['Air', 'Smoke']",2024-02-29,2024-02-29,Carroll,,Referred to Outside Agency,
369,232204,['Other'],2024-02-28,2024-02-28,Prince George's,2024-03-01,Incident Closed-Managed,
370,232203,['Air'],2024-03-01,2024-03-01,Anne Arundel,2024-03-08,Incident Closed-No Violation Observed,21090
371,232193,['Other'],2024-02-27,2024-02-27,Prince George's,2024-04-01,Incident Closed-Managed,20735
372,232191,['Air'],2024-02-28,2024-02-28,Frederick,,Referred to Attorney General's Office,21757
373,232191,['Air'],2024-02-28,2024-02-28,Frederick,,Referred to Attorney General's Office,21757
374,232190,['Air'],2024-02-28,2024-02-28,Charles,,Under Investigation,
375,232188,['Smoke'],2024-02-27,2024-02-26,,,Under Investigation,21226
376,232187,['Air'],2024-02-27,2024-02-27,Anne Arundel,2024-02-28,Incident Closed-No Violation Observed,21403
377,232186,['Odor'],2024-02-26,2024-02-26,Anne Arundel,2024-02-26,Incident Closed - No further action,21226
378,232176,['Air'],2024-02-26,2024-02-26,Anne Arundel,2024-03-08,Incident Closed-Managed,21060
379,232175,['Air'],2024-02-23,2024-02-23,Anne Arundel,2024-02-27,Incident Closed-No Violation Observed,
380,232169,['Air'],2024-02-22,2024-02-22,Anne Arundel,2024-02-23,Incident Closed-No Violation Observed,21122
381,222175,"['Air', 'Other']",2024-02-20,2024-02-20,Montgomery,,Referred to Outside Agency,20788
382,222174,['Smoke'],2024-02-22,2024-02-21,,,Under Investigation,21226
383,222158,['Fugitive Dust/Particulate Matter'],2024-02-20,2024-02-20,Worcester,,Referred to Outside Agency,21842
384,222156,['Air'],2024-02-15,2024-02-15,Baltimore,2024-02-16,Incident Closed-No Violation Observed,21223
385,222155,['Air'],2024-02-14,2024-02-14,Frederick,,Referred to Attorney General's Office,21757
386,222150,"['Air', 'Open Burning']",2024-02-16,2024-02-09,Cecil,,Referred to LMA,21921
387,222149,['Fugitive Dust/Particulate Matter'],2024-02-15,2024-02-15,Allegany,2024-09-23,Incident Closed-Managed,21532
388,222148,['Odor'],2024-02-09,2024-02-09,Baltimore City,2024-02-16,Incident Closed-Managed,
389,222147,['Odor'],2024-02-09,2024-02-09,Baltimore City,2024-02-16,Incident Closed-Managed,
390,222146,['Odor'],2024-02-08,2024-02-08,Baltimore City,2024-02-16,Incident Closed-Managed,
391,222145,['Odor'],2024-02-07,2024-02-07,Baltimore City,2024-02-16,Incident Closed-Managed,
392,222144,['Odor'],2024-02-06,2024-02-06,Baltimore City,2024-02-16,Incident Closed-Managed,
393,222143,['Smoke'],2024-02-02,2024-02-02,Baltimore City,2024-02-16,Incident Closed-Managed,
394,222142,['Odor'],2024-02-05,2024-02-05,Baltimore,2024-02-16,Incident Closed-Managed,
395,222141,['Odor'],2024-02-05,2024-02-05,Baltimore City,2024-02-16,Incident Closed-Managed,
396,222140,['Odor'],2024-02-02,2024-02-02,Baltimore,2024-02-16,Incident Closed-Managed,
397,222139,['Fugitive Dust/Particulate Matter'],2024-02-05,2024-02-03,Worcester,2024-02-05,Incident Closed-Restored,21851
398,222138,"['Air', 'Open Burning']",2024-02-07,2024-02-07,Cecil,,Referred to LMA,21921
399,222122,['Air'],2024-02-14,2024-02-14,Charles,,Clean-up Initiated,20601
400,222121,['Smoke'],2024-02-06,2024-02-06,,,Under Investigation,21226
401,222116,['Odor'],2024-02-13,2024-02-08,Baltimore City,2024-02-14,Incident Closed-Managed,21226
402,222114,['Fugitive Dust/Particulate Matter'],2024-02-12,2024-02-12,Allegany,2024-02-16,Incident Closed - No further action,21532
403,222112,"['Air', 'Fumes']",2024-02-09,2023-12-22,Cecil,,Referred to Outside Agency,21901
404,222111,['Other'],2024-02-03,2024-02-03,Prince George's,2024-02-12,Incident Closed-Managed,20785
405,222110,['Other'],2024-02-10,2024-02-10,Prince George's,2024-02-12,Incident Closed-Managed,
406,222109,['Other'],2024-02-09,2024-02-09,Prince George's,2024-02-12,Incident Closed-Managed,
407,222108,['Air'],2024-02-09,2024-02-09,Anne Arundel,2024-02-14,Incident Closed-No Violation Observed,21090
408,222107,['Air'],2024-02-09,2024-02-09,Anne Arundel,2024-02-14,Incident Closed-No Violation Observed,21090
409,222106,['Odor'],2024-02-09,2023-12-26,Talbot,,Referred to WMA,21652
410,222096,['Air'],2024-02-06,2024-02-06,Anne Arundel,2024-02-08,Incident Closed-No Violation Observed,21113
411,222094,['Odor'],2024-01-27,2024-01-27,Baltimore City,2024-02-08,Incident Closed-Managed,
412,222093,['Odor'],2024-02-26,2024-01-26,Baltimore City,2024-02-08,Incident Closed-Managed,
413,222092,['Odor'],2024-01-26,2024-01-26,Baltimore City,2024-02-08,Incident Closed-Managed,
414,222091,['Smoke'],2024-01-26,2024-01-26,Baltimore City,2024-02-08,Incident Closed-Managed,
415,222090,['Odor'],2024-01-25,2024-01-25,Baltimore City,2024-02-08,Incident Closed-Managed,
416,222089,['Odor'],2024-01-23,2024-01-23,Baltimore City,2024-02-08,Incident Closed-Managed,
417,222088,['Odor'],2024-01-19,2024-01-19,Baltimore City,2024-02-08,Incident Closed-Managed,
418,222087,['Odor'],2024-01-16,2024-01-16,Baltimore City,2024-02-08,Incident Closed-Managed,
419,222086,['Odor'],2024-01-11,2024-01-11,Baltimore City,2024-02-08,Incident Closed-Managed,
420,222085,['Smoke'],2024-02-06,2024-02-06,,,Under Investigation,21226
421,222084,['Smoke'],2024-01-26,2024-01-26,,,Under Investigation,21226
422,222071,"['Air', 'Odor', 'Smoke']",2024-02-01,2024-02-01,Cecil,,Referred to Outside Agency,21903
423,222070,"['Air', 'Odor', 'Smoke']",2024-01-30,2024-01-30,Montgomery,2024-02-06,Incident Closed-Managed,20852
425,222067,['Other'],2024-02-01,2024-02-01,Prince George's,2024-02-05,Incident Closed-Managed,
426,222055,['Air'],2024-02-01,2024-02-01,Frederick,,Referred to Attorney General's Office,21757
427,222054,['Air'],2024-02-01,2024-02-01,Frederick,2024-05-30,Incident Closed - No further action,21701
428,222053,['Other'],2024-01-31,2024-01-31,Prince George's,2024-02-02,Incident Closed-Managed,
429,222052,['Other'],2024-01-31,2024-01-31,Howard,2024-02-02,Incident Closed-Managed,
430,222051,['Air'],2024-02-01,2024-02-01,Anne Arundel,2024-02-02,Incident Closed-Managed,21122
431,222044,['Odor'],2024-01-25,2024-01-25,Anne Arundel,2024-01-25,Incident Closed - No further action,21226
432,222043,['Odor'],2024-01-25,2024-01-25,Anne Arundel,2024-01-25,Incident Closed - No further action,21226
433,222036,['Other'],2024-01-30,2024-01-30,Prince George's,2024-02-02,Incident Closed-Managed,
434,222032,['Other'],2024-01-25,2024-01-25,Prince George's,2024-01-31,Incident Closed-Managed,
435,222027,['Fugitive Dust/Particulate Matter'],2024-01-26,,Baltimore,2024-01-29,Incident Closed-Managed,21227
436,222026,['Air'],2024-01-29,2024-01-29,Anne Arundel,2024-05-30,Incident Closed-Managed,21054
437,222022,['Air'],2024-01-26,2024-01-26,Anne Arundel,2024-01-26,Incident Closed-No Violation Observed,21061
438,222019,['Air'],2024-01-25,2024-01-25,Anne Arundel,2024-02-06,Incident Closed-Managed,21060
439,222016,['Fugitive Dust/Particulate Matter'],2024-01-24,,Baltimore,2024-01-29,Incident Closed-Managed,21227
440,222015,['Fugitive Dust/Particulate Matter'],2024-01-24,,Baltimore,2024-01-29,Incident Closed-Managed,21227
441,222014,['Air'],2024-01-25,2024-01-25,Anne Arundel,,Under Investigation,
442,222012,['Air'],2024-01-24,2024-01-24,Anne Arundel,2024-01-25,Incident Closed-Managed,
443,222010,['Smoke'],2024-01-03,2024-01-03,,2024-01-24,Incident Closed-Managed,21230
444,222009,['Smoke'],2024-01-24,2024-01-24,,,Under Investigation,21226
445,222008,"['Odor', 'Smoke']",2024-01-16,2024-01-13,,,Under Investigation,21226
446,222007,['Smoke'],2024-01-05,2024-01-05,,,Under Investigation,21226
447,222005,['Fugitive Dust/Particulate Matter'],2024-01-17,,Baltimore,2024-01-29,Incident Closed-Managed,21227
448,222004,['Fumes'],2024-01-18,,Baltimore,2024-01-24,Incident Closed-Managed,21228
449,222002,['Air'],2024-01-23,2024-01-23,Frederick,2024-02-07,Incident Closed-No Violation Observed,21703
450,221998,['Air'],2024-01-12,2024-01-12,Montgomery,2024-01-22,Incident Closed - No further action,20904
451,221996,['Other'],2024-01-18,2024-01-18,Prince George's,2024-01-22,Incident Closed-Managed,20747
452,211996,"['Air', 'Odor']",2024-01-17,2024-01-17,Cecil,,Referred to LMA,21911
453,211992,['Other'],2024-01-17,2024-01-17,Prince George's,2024-01-17,Incident Closed-Managed,
454,211985,['Other'],2024-01-11,2024-01-11,Caroline,,Referred to Outside Agency,21660
455,211984,['Other'],2024-01-10,2024-01-10,Caroline,,Referred to WMA,21660
456,211983,['Odor'],2024-01-08,2024-01-08,Baltimore City,2024-01-08,Incident Closed - No further action,
457,211973,['Other'],2024-01-11,2024-01-11,Prince George's,2024-01-12,Incident Closed-Managed,
458,211968,['Other'],2024-01-04,2024-01-04,Washington,2024-01-10,Incident Closed - No further action,
459,211967,['Smoke'],2023-12-27,2023-12-27,Allegany,2024-02-15,Incident Closed - No further action,21502
460,211964,"['Air', 'Odor']",2024-01-02,2024-01-02,Cecil,2024-01-09,Incident Closed - No further action,
461,211963,['Open Burning'],2024-01-03,2024-01-03,Wicomico,2024-01-04,Incident Closed-No Violation Observed,21804
462,211961,['Odor'],2024-01-06,,Baltimore,2024-01-09,Incident Closed-Managed,
463,211960,['Air'],2024-01-09,2024-01-08,Frederick,,Referred to Attorney General's Office,21757
464,211959,['Air'],2024-01-05,2024-01-05,Anne Arundel,2024-01-09,Incident Closed-No Violation Observed,
465,211956,['Other'],2024-01-05,2024-01-05,Prince George's,2024-01-17,Incident Closed-Managed,
466,211955,['Other'],2024-01-03,2024-01-03,Prince George's,2024-01-17,Incident Closed-Managed,
467,211949,['Odor'],2024-01-03,,Baltimore,,Incident Not Applicable to MDE,
468,211948,['Odor'],2024-01-03,,Baltimore,2024-01-04,Incident Closed-Managed,
469,211947,['Fumes'],2024-01-03,,Baltimore,2024-01-04,Incident Closed - No further action,21222
470,211938,['Other'],2023-12-22,2023-12-22,Howard,2024-01-03,Incident Closed-Managed,
471,211934,['Air'],2024-01-02,2024-01-02,Anne Arundel,2024-01-03,Incident Closed-No Violation Observed,21061
472,211932,['Air'],2023-12-27,2023-12-27,Anne Arundel,2023-12-28,Incident Closed-Managed,
473,211930,['Odor'],2023-12-27,,Baltimore,2024-01-09,Incident Closed-Managed,
474,211926,['Air'],2023-12-22,2023-12-22,Frederick,2024-01-03,Incident Closed-No Violation Observed,21788
475,211907,['Air'],2023-12-21,2023-12-21,Anne Arundel,2024-01-08,Incident Closed-No Violation Observed,21403
476,201907,['Air'],2023-12-20,2023-12-20,Queen Anne's,2023-12-21,Incident Closed-Managed,21638
477,201905,['Fugitive Dust/Particulate Matter'],2023-12-20,2023-12-20,Allegany,2024-09-23,Incident Closed-Managed,21536
478,201904,['Air'],2023-12-15,2023-12-15,Anne Arundel,2023-12-21,Incident Closed-No Violation Observed,21054
479,201899,['Other'],2023-12-18,2023-12-18,Prince George's,2023-12-20,Incident Closed-Managed,
480,201898,['Other'],2023-12-19,,Baltimore,2023-12-20,Incident Closed - No further action,
481,201894,['Odor'],2023-12-18,,Harford,2023-12-21,Incident Closed-Managed,21001
482,201889,['Fumes'],2023-12-13,,Baltimore,,Referred to Outside Agency,
483,201885,['Other'],2023-12-15,2023-12-15,Prince George's,2023-12-18,Incident Closed-Managed,
484,201883,['Other'],2023-12-14,2023-12-14,Howard,2023-12-18,Incident Closed-Managed,
485,201873,['Odor'],2023-12-10,2023-12-10,Baltimore City,2023-12-14,Incident Closed-Managed,
486,201872,['Odor'],2023-12-08,2023-12-08,Baltimore City,2023-12-14,Incident Closed-Managed,
487,201871,['Smoke'],2023-12-07,2023-12-07,Baltimore City,2023-12-14,Incident Closed-Managed,
488,201869,['Air'],2023-12-08,2023-12-08,Anne Arundel,,Referred to WMA,21403
489,201868,"['Air', 'Odor']",2023-12-13,2023-12-13,Cecil,,Referred to LMA,21911
490,201867,"['Air', 'Odor']",2023-12-12,2023-12-12,Cecil,,Referred to LMA,21911
491,201866,['Air'],2023-12-11,2023-12-11,Frederick,,Referred to Attorney General's Office,21757
492,201866,['Air'],2023-12-11,2023-12-11,Frederick,,Referred to Attorney General's Office,21757
493,201865,['Other'],2023-12-11,2023-12-11,Prince George's,2023-12-13,Incident Closed-Managed,
494,201864,['Other'],2023-12-11,2023-12-11,Prince George's,2023-12-13,Incident Closed-Managed,
495,201863,['Other'],2023-12-11,2023-12-11,Prince George's,2023-12-13,Incident Closed-Managed,
496,201862,['Other'],2023-12-11,2023-12-11,Prince George's,2023-12-13,Incident Closed-Managed,
497,201861,['Other'],2023-12-11,2023-12-11,Prince George's,2023-12-13,Incident Closed-Managed,
498,201860,['Other'],2023-12-11,2023-12-11,Prince George's,2023-12-13,Incident Closed-Managed,
499,201859,['Other'],2023-12-11,2023-12-11,Prince George's,2023-12-13,Incident Closed-Managed,
500,201858,['Other'],2023-12-11,2023-12-11,Prince George's,2023-12-13,Incident Closed-Managed,
501,201857,['Other'],2023-12-11,2023-12-11,Prince George's,2023-12-13,Incident Closed-Managed,
502,201856,['Other'],2023-12-08,2023-12-08,Prince George's,2023-12-20,Incident Closed-Managed,
503,201855,['Smoke'],2023-12-06,2023-12-06,Garrett,2024-02-09,Incident Closed - No further action,21520
504,201852,['Open Burning'],2023-12-05,2023-12-05,Washington,2023-12-12,Incident Closed - No further action,21756
505,201845,"['Air', 'Odor', 'Open Burning']",2023-12-11,2023-12-03,Montgomery,,Referred to Outside Agency,20902
506,201843,['Air'],2023-12-08,2023-12-08,Charles,2024-05-15,Incident Closed - No further action,20601
507,201842,['Air'],2023-12-05,2023-12-05,Anne Arundel,,Referred to WMA,21403
508,201841,['Air'],2023-12-07,2023-12-07,Charles,2024-05-15,Incident Closed - No further action,20646
509,201831,['Air'],2023-12-07,2023-12-07,Anne Arundel,2023-12-07,Incident Closed - No further action,
510,201830,['Air'],2023-12-04,2023-12-04,Frederick,2023-12-11,Incident Closed-Managed,21788
511,201829,['Air'],2023-12-07,2023-12-06,Charles,2024-05-15,Incident Closed - No further action,20601
512,201828,['Air'],2023-12-04,2023-12-04,Frederick,2023-12-11,Incident Closed-No Violation Observed,21701
513,201827,['Air'],2023-12-04,2023-12-04,Frederick,,Referred to Attorney General's Office,21757
514,201825,['Open Burning'],2023-12-01,2023-12-01,Wicomico,,Under Investigation,21801
515,201823,['Smoke'],2023-12-04,,Baltimore,2023-12-05,Incident Closed - No further action,
516,201822,['Odor'],2023-11-30,2023-11-30,Baltimore City,2023-12-05,Incident Closed-Managed,
517,201821,['Odor'],2023-11-25,2023-11-25,Baltimore City,2023-12-05,Incident Closed-Managed,
518,201820,['Odor'],2023-11-17,2023-11-17,Baltimore City,2023-12-05,Incident Closed-Managed,
519,201819,['Odor'],2023-11-15,2023-11-15,Baltimore City,2023-12-05,Incident Closed-Managed,
520,201818,['Odor'],2023-11-04,2023-11-04,Baltimore City,2023-12-05,Incident Closed-Managed,
521,201814,['Other'],2023-12-04,2023-11-29,Prince George's,2023-12-08,Incident Closed-Managed,20781
522,201810,"['Air', 'Fugitive Dust/Particulate Matter', 'Smoke']",2023-12-01,2023-12-01,Montgomery,,Referred to Outside Agency,20902
523,201809,['Air'],2023-12-01,2023-11-28,Anne Arundel,2023-12-08,Incident Closed-Managed,21403
524,191816,"['Air', 'Odor']",2023-11-30,2023-11-30,Cecil,,Referred to LMA,21911
525,191809,['Fumes'],2023-11-28,,Baltimore,,Incident Not Applicable to MDE,
526,191804,['Air Pollutant Release'],2023-11-28,2023-10-02,Montgomery,,Under Investigation,20877
527,191802,['Air'],2023-11-28,2023-11-27,Anne Arundel,2023-11-29,Incident Closed - No further action,21114
528,191794,['Air'],2023-11-27,2023-11-27,Frederick,,Referred to Attorney General's Office,
529,191793,"['Air', 'Odor']",2023-11-22,2023-11-22,Cecil,,Referred to LMA,21911
530,191783,['Other'],2023-11-21,2023-11-21,Prince George's,2023-11-22,Incident Closed-Managed,
531,191782,['Other'],2023-11-22,2023-11-21,Prince George's,2023-11-22,Incident Closed-Managed,
532,191781,['Other'],2023-11-21,2023-11-21,Prince George's,2023-11-22,Incident Closed-Managed,
533,191780,['Other'],2023-11-21,2023-11-21,Prince George's,2023-11-22,Incident Closed-Managed,
534,191779,['Other'],2023-11-20,2023-11-20,Prince George's,2023-11-22,Incident Closed-Managed,
535,191778,['Other'],2023-11-21,2023-11-21,Prince George's,2023-11-22,Incident Closed-Managed,
536,191777,['Other'],2023-11-20,2023-11-20,Prince George's,2023-11-22,Incident Closed-Managed,
537,191776,['Other'],2023-11-21,2023-11-21,Prince George's,2023-11-22,Incident Closed-Managed,
538,191775,['Other'],2023-11-21,2023-11-21,Prince George's,2023-11-22,Incident Closed-Managed,
539,191774,"['Air', 'Fugitive Dust/Particulate Matter']",2023-10-19,2023-10-19,Cecil,2023-11-21,Incident Closed-Managed,21919
540,191773,"['Air', 'Odor']",2023-11-16,2023-11-16,Cecil,,Referred to Outside Agency,21911
541,191772,['Odor'],2023-11-21,,St. Mary's,,Referred to Outside Agency,
542,191769,['Fugitive Dust/Particulate Matter'],2023-11-21,2023-11-21,Washington,2024-09-23,Incident Closed-Managed,21742
543,191766,['Air'],2023-11-21,2023-11-21,Anne Arundel,,Referred to Attorney General's Office,
544,191760,['Odor'],2023-11-17,,Baltimore,2023-11-20,Incident Closed-Managed,
545,191759,['Other'],2023-11-17,2023-11-17,Prince George's,2023-11-20,Incident Closed-Managed,
546,191758,['Other'],2023-11-18,2023-11-18,Prince George's,2023-11-20,Incident Closed-Managed,
547,191757,['Other'],2023-11-19,2023-11-19,Prince George's,2023-11-20,Incident Closed-Managed,
548,191756,['Other'],2023-11-19,2023-11-19,Prince George's,2023-11-20,Incident Closed-Managed,
549,191754,['Other'],2023-11-19,2023-11-19,Prince George's,2023-11-20,Incident Closed-Managed,
550,191748,"['Air', 'Smoke']",2023-11-16,2023-11-16,Carroll,2023-11-16,Incident Closed-Managed,
551,191747,"['Air', 'Odor']",2023-11-15,2023-11-13,Cecil,,Referred to Outside Agency,21911
552,191746,['Air'],2023-11-16,2023-11-16,Anne Arundel,,Referred to WMA,21403
553,191741,['Fumes'],2023-11-13,,Harford,2023-11-30,Incident Closed-No Violation Observed,21017
554,191739,['Air'],2023-11-13,2023-11-13,Anne Arundel,,Incident Not Applicable to MDE,21225
555,191738,['Air'],2023-11-14,2023-11-12,Anne Arundel,,Under Investigation,
556,191737,['Air'],2023-11-11,2023-11-11,Frederick,2023-11-14,Incident Closed-Managed,21701
557,191736,"['Fugitive Dust/Particulate Matter', 'Smoke']",2023-11-07,2023-11-07,Washington,2024-03-19,Incident Closed-Managed,21740
558,191735,['Air'],2023-11-08,2023-11-08,Anne Arundel,2023-11-14,Incident Closed - No further action,21122
559,191731,['Air'],2023-11-13,2023-11-10,Anne Arundel,,Under Investigation,
560,191730,['Air'],2023-11-13,2023-11-10,Anne Arundel,,Under Investigation,
561,191729,['Air'],2023-11-10,2023-11-10,Anne Arundel,,Under Investigation,21060
562,191726,['Air'],2023-11-10,2023-11-10,Frederick,,Referred to Attorney General's Office,
563,191720,['Other'],2023-11-07,2023-11-07,Prince George's,2023-11-08,Incident Closed-Managed,20784
564,191718,['Other'],2023-11-03,2023-11-03,Prince George's,2023-12-08,Incident Closed-Managed,20746
565,191715,"['Air', 'Open Burning']",2023-11-06,2023-11-06,Carroll,,Referred to Outside Agency,21158
566,191713,['Odor'],2023-11-03,,Baltimore,,Incident Not Applicable to MDE,
567,191712,['Odor'],2023-11-02,,Baltimore,,Referred to Outside Agency,
568,191711,['Other'],2023-11-03,2023-11-03,Prince George's,2023-11-05,Incident Closed-Managed,
569,191710,['Other'],2023-10-30,2023-10-30,Prince George's,2023-11-03,Incident Closed-Managed,
570,191707,['Air'],2023-11-02,2023-11-02,Frederick,2023-11-16,Incident Closed - No further action,21769
571,191706,['Air'],2023-11-03,2023-11-02,Anne Arundel,,Under Investigation,
572,191705,['Air'],2023-11-03,2023-10-31,Charles,2023-11-03,Incident Closed - No further action,
573,191704,['Odor'],2023-10-30,2023-10-30,Baltimore City,2023-11-02,Incident Closed-Managed,
574,191703,['Odor'],2023-10-29,2023-10-29,Baltimore City,2023-11-02,Incident Closed-Managed,
575,191702,['Odor'],2023-11-28,2023-10-28,Baltimore City,2023-11-02,Incident Closed-Managed,
576,191700,['Odor'],2023-10-27,2023-10-27,Baltimore City,2023-11-02,Incident Closed-Managed,
577,191699,['Odor'],2023-11-01,2023-11-01,Washington,2023-11-02,Incident Closed - No further action,21740
578,191697,['Fugitive Dust/Particulate Matter'],2023-10-26,2023-10-26,Washington,2024-09-23,Incident Closed-Managed,21742
579,191696,['Fugitive Dust/Particulate Matter'],2023-10-26,2023-10-26,Washington,2024-09-23,Incident Closed-Managed,21742
580,191693,['Air'],2023-11-01,2023-10-31,Frederick,,Referred to Attorney General's Office,
581,191692,['Air'],2023-10-31,2023-10-31,Anne Arundel,2023-11-14,Incident Closed - No further action,21144
582,191690,['Air'],2023-11-01,2023-10-30,Anne Arundel,,Incident Not Applicable to MDE,
583,191689,['Air'],2023-11-01,2023-10-26,Anne Arundel,,Under Investigation,
584,191686,"['Air', 'Odor']",2023-10-31,2023-10-27,Baltimore,2023-10-31,Incident Closed-Managed,21224
585,191684,['Other'],2023-10-24,2023-10-24,Baltimore City,2023-10-31,Incident Closed-Managed,
586,191683,['Odor'],2023-10-24,2023-10-24,Baltimore City,2023-10-31,Incident Closed-Managed,
587,191682,['Odor'],2023-10-19,2023-10-19,Baltimore City,2023-10-31,Incident Closed-Managed,
588,191681,['Air Pollutant Release'],2023-10-16,2023-10-16,Baltimore City,2023-10-31,Incident Closed - No further action,
589,191680,['Air'],2023-10-11,2023-05-06,Baltimore City,2023-10-31,Incident Closed-Managed,21226
590,191677,"['Air', 'Fumes', 'Odor']",2023-10-26,2023-10-26,Carroll,2023-10-30,Incident Closed-Managed,21048
591,191675,['Air'],2023-10-30,2023-10-30,Frederick,2023-10-30,Incident Closed - No further action,
592,191674,['Air'],2023-10-30,2023-10-28,Anne Arundel,2023-11-01,Incident Closed - No further action,21037
593,191671,['Other'],2023-10-24,2023-10-24,Prince George's,2023-10-27,Incident Closed-Managed,
594,191667,['Air'],2023-10-26,2023-10-26,Frederick,,Clean-up Initiated,
595,191665,['Odor'],2023-10-12,2023-10-12,Baltimore City,2023-10-25,Incident Closed-Managed,
596,191664,['Odor'],2023-10-05,2023-10-05,Baltimore City,2023-10-25,Incident Closed-Managed,
597,191663,['Odor'],2023-09-26,2023-09-26,Baltimore City,2023-10-25,Incident Closed-Managed,
598,191662,['Odor'],2023-09-27,2023-09-27,Baltimore City,2023-10-25,Incident Closed-Managed,
599,191661,['Odor'],2023-09-20,2023-09-20,Baltimore City,2023-10-25,Incident Closed-Managed,
600,191660,['Odor'],2023-09-12,2023-09-12,Baltimore City,2023-10-25,Incident Closed-Managed,
601,191659,['Fugitive Dust/Particulate Matter'],2023-09-11,2023-09-11,Baltimore City,2023-10-25,Incident Closed-Managed,
602,191658,['Odor'],2023-09-11,2023-09-11,Baltimore City,2023-10-25,Incident Closed-Managed,
603,191657,['Odor'],2023-09-09,2023-09-09,Baltimore City,2023-10-25,Incident Closed-Managed,
604,191656,['Fugitive Dust/Particulate Matter'],2023-09-08,2023-09-08,Baltimore City,2023-10-25,Incident Closed-Managed,
605,191655,['Odor'],2023-09-07,2023-09-07,Baltimore City,2023-10-25,Incident Closed-Managed,
606,191650,['Air'],2023-10-25,2023-10-25,Frederick,,Clean-up Initiated,
607,191648,['Noise Complaint'],2023-10-23,,Baltimore,,Incident Not Applicable to MDE,
608,191646,['Air'],2023-10-24,2023-10-24,Frederick,,Clean-up Initiated,
609,191644,['Air'],2023-10-24,2023-10-24,Frederick,,Clean-up Initiated,
610,191643,['Air'],2023-10-24,2023-10-23,Charles,,Under Investigation,
611,191638,['Other'],2023-10-19,2023-10-19,Prince George's,2023-10-20,Incident Closed-Managed,20743
612,191637,"['Fugitive Dust/Particulate Matter', 'Smoke']",2023-10-18,2023-10-05,Allegany,2024-02-02,Incident Closed - No further action,21540-109
613,191635,['Other'],2023-10-19,2023-10-19,Prince George's,2023-10-20,Incident Closed-Managed,
614,191634,['Fugitive Dust/Particulate Matter'],2023-10-18,2023-10-18,Washington,2024-09-23,Incident Closed-No Violation Observed,21742
615,181632,['Air'],2023-10-19,2023-10-19,St. Mary's,,Incident Not Applicable to MDE,
616,181626,['Air'],2023-10-18,2023-10-16,Anne Arundel,2023-10-23,Incident Closed-No Violation Observed,21037
617,181625,['Air'],2023-10-16,2023-10-16,Frederick,2023-10-19,Incident Closed - No further action,
618,181624,['Air'],2023-10-17,2023-10-17,Anne Arundel,2023-10-18,Incident Closed - No further action,
619,181622,['Other'],2023-10-16,,Baltimore,2023-10-17,Incident Closed-Managed,
620,181621,['Odor'],2023-10-15,,Baltimore,2023-10-17,Incident Closed-No Violation Observed,
621,181617,"['Air', 'Odor', 'Open Burning', 'Smoke']",2023-10-10,2023-10-10,Cecil,2023-10-16,Incident Closed-Managed,21919
622,181616,"['Air', 'Fugitive Dust/Particulate Matter', 'Other', 'Suspected Operation without Permit']",2023-10-11,2023-10-11,Cecil,2023-11-21,Incident Closed-Managed,21901
623,181615,"['Air', 'Fumes', 'Odor']",2023-10-13,2023-10-13,Montgomery,2023-10-16,Incident Closed-Managed,20852
624,181613,['Other'],2023-10-11,2023-10-11,Allegany,2023-10-16,Incident Closed - No further action,
625,181612,['Other'],2023-10-10,2023-10-10,Allegany,2023-10-16,Incident Closed - No further action,
626,181611,['Smoke'],2023-09-27,2023-09-27,Allegany,2023-11-21,Incident Closed - No further action,21562
627,181609,['Air'],2023-10-13,2023-10-13,Anne Arundel,,Incident Not Applicable to MDE,
628,181607,['Other'],2023-10-05,2023-10-05,Prince George's,2023-10-13,Incident Closed-Managed,
629,181606,['Other'],2023-10-05,2023-10-05,Prince George's,2023-11-05,Incident Closed-Managed,
630,181605,['Other'],2023-10-03,2023-10-03,Prince George's,2023-10-13,Incident Closed-Managed,
631,181598,['Air'],2023-10-11,2023-10-11,Frederick,2023-10-13,Incident Closed-Clean-up Completed,21701
632,181596,['Fugitive Dust/Particulate Matter'],2023-10-03,2023-10-03,Kent,2023-10-06,Incident Closed-No Violation Observed,
633,181595,['Odor'],2023-10-09,,Baltimore,2023-10-17,Incident Closed-No Violation Observed,21093
634,181594,['Smoke'],2023-10-10,,Baltimore,,Incident Not Applicable to MDE,
635,181593,['Air'],2023-10-10,2023-10-09,Frederick,,Clean-up Initiated,21757
636,181588,['Air'],2023-10-05,2023-10-05,Frederick,2023-10-06,Incident Closed - No further action,21771
637,181587,['Air'],2023-10-03,2023-10-03,Frederick,2023-10-20,Incident Closed - No further action,
638,181586,['Air'],2023-10-04,2023-10-04,Frederick,,Clean-up Initiated,21757
639,181585,"['Air', 'Odor']",2023-10-05,2023-10-04,Baltimore,2023-10-05,Incident Closed-Managed,21224
640,181584,['Odor'],2023-10-04,,Harford,,Incident Not Applicable to MDE,
641,181582,['Odor'],2023-10-04,2023-10-04,Cecil,,Referred to Outside Agency,21911
642,181579,['Air'],2023-10-04,2023-10-04,Frederick,,Clean-up Initiated,
643,181578,['Other'],2023-10-02,2023-10-02,Prince George's,2023-10-04,Incident Closed-Managed,
644,181577,['Other'],2023-08-29,2023-09-29,Prince George's,2023-10-04,Incident Closed-Managed,
645,181574,['Odor'],2023-10-03,,Baltimore,2023-10-03,Incident Closed-Managed,
646,181573,['Air'],2023-10-03,2023-10-03,Frederick,2023-10-13,Incident Closed-No Violation Observed,21701
647,181572,['Air'],2023-10-03,2023-09-29,Anne Arundel,2023-10-02,Incident Closed-Managed,21060
648,181571,['Air'],2023-10-03,2023-09-29,Anne Arundel,,Under Investigation,21054
649,181567,['Odor'],2023-10-01,,Baltimore,2023-10-03,Incident Closed-Managed,
650,181566,"['Air', 'Asbestos Complaint']",2023-10-02,2023-10-02,Montgomery,,Referred to Outside Agency,
651,181554,['Air'],2023-09-27,2023-09-27,Frederick,,Clean-up Initiated,
652,181551,['Air'],2023-09-26,2023-09-25,Frederick,,Clean-up In Progress,
653,181546,['Other'],2023-09-25,2023-09-18,Howard,2023-09-25,Incident Closed-Managed,
654,181544,['Other'],2023-09-15,2023-09-15,Allegany,2023-09-22,Incident Closed - No further action,
656,181532,"['Air', 'Fumes', 'Odor']",2023-09-21,2023-03-22,Montgomery,2024-09-16,Incident Closed-Managed,20837
657,181531,['Air'],2023-09-21,2023-09-21,Charles,,Incident Not Applicable to MDE,
658,181530,['Air'],2023-09-21,2023-09-19,Frederick,2023-09-21,Incident Closed-No Violation Observed,
659,181529,['Air'],2023-09-21,2023-09-19,Anne Arundel,2023-11-21,Incident Closed - No further action,21054
660,181528,['Air'],2023-09-21,2023-09-18,Frederick,,Clean-up Initiated,
661,181526,['Fugitive Dust/Particulate Matter'],2023-09-18,,Baltimore,2023-09-28,Incident Closed - No further action,21162
662,181525,['Smoke'],2023-09-18,,Harford,2023-09-19,Incident Closed-Managed,
663,181517,['Air'],2023-09-18,2023-09-12,Frederick,,Clean-up In Progress,
664,181516,['Air'],2023-09-18,2023-09-06,Anne Arundel,2023-09-18,Incident Closed - No further action,
665,181515,['Air'],2023-09-18,2023-09-05,Anne Arundel,,Under Investigation,
666,181514,['Odor'],2023-09-14,2023-09-14,Carroll,,Referred to Outside Agency,
667,181512,['Non-Tidal Wetlands/Waterway'],2023-09-12,2023-09-12,Washington,,Referred to WMA,
669,181491,['Odor'],2023-09-08,2023-09-08,Dorchester,2023-09-08,Incident Closed - No further action,21835
670,181490,['Odor'],2023-09-08,2023-09-08,Dorchester,2023-09-08,Incident Closed - No further action,21835
671,181489,['Odor'],2023-09-08,2023-09-08,Dorchester,2023-09-08,Incident Closed - No further action,21835
672,181488,['Odor'],2023-09-08,2023-09-08,Dorchester,2023-09-08,Incident Closed - No further action,21835
673,181487,['Odor'],2023-08-29,2023-08-29,Dorchester,2023-09-29,Incident Closed - No further action,21835
674,181483,['Other'],2023-09-11,2023-09-11,Washington,2023-09-11,Incident Closed-Managed,
675,181482,['Other'],2023-09-11,2023-09-10,Prince George's,2023-09-15,Incident Closed-Managed,
676,181480,['Smoke'],2023-09-11,,Baltimore,2023-09-20,Incident Closed - No further action,21228
677,181479,['Odor'],2023-09-08,,Baltimore,2023-09-11,Incident Closed-Managed,
678,181478,['Fugitive Dust/Particulate Matter'],2023-09-08,,Baltimore,2023-09-11,Incident Closed-No Violation Observed,
679,181462,['Fumes'],2023-09-05,,Harford,2023-09-07,Incident Closed-Managed,
680,181459,['Odor'],2023-09-01,2023-09-01,Baltimore City,2023-09-05,Incident Closed-Managed,
681,181458,['Odor'],2023-08-28,2023-08-28,Baltimore City,2023-09-05,Incident Closed-Managed,
682,181457,['Odor'],2023-08-23,2023-08-23,Baltimore City,2023-09-05,Incident Closed-Managed,
683,181456,['Odor'],2023-08-23,2023-08-23,Baltimore City,2023-09-05,Incident Closed-Managed,
684,181455,['Odor'],2023-08-17,2023-08-17,Baltimore City,2023-09-05,Incident Closed-Managed,
685,181454,['Odor'],2023-08-14,2023-08-14,Baltimore City,2023-09-05,Incident Closed-Managed,
686,181453,['Odor'],2023-07-24,2023-07-24,Baltimore City,2023-09-05,Incident Closed-Managed,
687,181452,['ARA AQCP non-regulated entity'],2023-07-21,2023-07-21,Baltimore City,2023-09-05,Incident Closed - No further action,
688,181451,['Odor'],2023-07-20,2023-07-20,Baltimore City,2023-09-05,Incident Closed-Managed,
689,181442,['Other'],2023-08-30,2023-08-30,Prince George's,2023-09-15,Incident Closed-Managed,
690,181440,['Other'],2023-08-30,2023-08-30,Prince George's,2023-09-15,Incident Closed-Managed,
691,181427,['Other'],2023-08-28,2023-08-28,Prince George's,2023-08-30,Incident Closed-Managed,20782
692,181426,['Other'],2023-08-25,2023-08-25,Prince George's,2023-08-30,Incident Closed-Managed,
693,181425,['Other'],2023-08-18,2023-08-18,Prince George's,2023-08-18,Incident Closed-Managed,
694,181424,['Other'],2023-08-17,2023-08-17,Prince George's,2023-08-30,Incident Closed-Managed,
695,181422,['Air'],2023-08-29,2023-08-29,Frederick,2023-08-29,Incident Closed-Managed,
696,181421,['Air'],2023-08-29,2023-08-28,Frederick,2023-08-29,Incident Closed-Managed,
697,181420,['Air'],2023-08-29,2023-08-28,Anne Arundel,2023-08-29,Incident Closed - No further action,
698,181419,['Air'],2023-08-29,2023-08-28,Charles,,Under Investigation,
699,181418,['Other'],2023-08-28,2023-08-28,Frederick,,Referred to WMA,21788
700,181416,['Odor'],2023-08-22,2023-08-22,Dorchester,2023-08-22,Incident Closed - No further action,21835
701,181412,['Other'],2023-08-17,2023-08-17,Howard,2023-08-28,Incident Closed-Managed,20794
702,181403,['Open Burning'],2023-08-21,,Harford,2023-08-22,Incident Closed-Managed,
703,181391,['Noise Complaint'],2023-08-17,2023-08-16,Anne Arundel,,Incident Not Applicable to MDE,
704,181379,['Other'],2023-08-10,2023-08-10,Prince George's,2023-08-14,Incident Closed-Managed,
705,181376,['Odor'],2023-08-14,2023-08-14,Dorchester,,Referred to WMA,21643
706,181375,"['Fugitive Dust/Particulate Matter', 'Smoke']",2023-08-11,2023-08-11,Washington,2024-09-23,Incident Closed-No Violation Observed,21740
707,181372,['Odor'],2023-08-10,2023-08-10,Anne Arundel,2023-08-10,Incident Closed - No further action,
708,181371,['Odor'],2023-08-11,2023-08-09,Baltimore City,2023-08-14,Incident Closed - No further action,
709,181365,['Odor'],2023-08-07,2023-08-05,Dorchester,2023-08-08,Incident Closed-No Violation Observed,21643
711,181348,['Other'],2023-08-02,2023-08-02,Garrett,2023-08-08,Incident Closed - No further action,21550
713,181327,['Odor'],2023-07-31,2023-07-31,Dorchester,2023-07-31,Incident Closed - No further action,21643
714,181314,['Air'],2023-07-27,2023-07-27,Charles,,Under Investigation,
715,181313,['Odor'],2023-07-26,,Baltimore,2023-07-27,Incident Closed - No further action,
716,181311,['Fugitive Dust/Particulate Matter'],2023-07-24,2023-07-24,Washington,2024-09-23,Incident Closed-No Violation Observed,21740
717,181307,['Odor'],2023-07-26,,Baltimore,2023-07-27,Incident Closed - No further action,
718,181304,['Odor'],2023-07-15,2023-07-15,Baltimore City,2023-07-25,Incident Closed-Managed,
719,181303,['Fugitive Dust/Particulate Matter'],2023-07-13,2023-07-13,Baltimore City,2023-07-25,Incident Closed-Managed,
720,181302,['Odor'],2023-07-09,2023-07-09,Baltimore City,2023-07-25,Incident Closed-Managed,
721,181301,['Odor'],2023-07-07,2023-07-07,Baltimore City,2023-07-25,Incident Closed-Managed,
722,181300,['Odor'],2023-07-06,2023-07-06,Baltimore City,2023-07-25,Incident Closed-Managed,
723,181297,['Odor'],2023-06-26,2023-06-26,Baltimore City,2023-07-25,Incident Closed-Managed,
724,181296,['Air'],2023-06-24,2023-06-24,Baltimore City,2023-07-25,Incident Closed - No further action,
725,181295,['Odor'],2023-06-22,2023-06-22,Baltimore City,2023-07-25,Incident Closed-Managed,
726,181294,['Odor'],2023-06-16,2023-06-16,Baltimore City,2023-07-25,Incident Closed-Managed,
727,181293,['Odor'],2023-07-12,2023-06-12,Baltimore City,2023-07-25,Incident Closed-Managed,
728,181292,['Fugitive Dust/Particulate Matter'],2023-06-06,2023-06-06,Baltimore City,2023-07-25,Incident Closed - No further action,
729,181291,['Odor'],2023-06-05,2023-06-05,Baltimore City,2023-07-25,Incident Closed-Managed,
730,181290,['Odor'],2023-06-02,2023-06-02,Baltimore City,2023-07-25,Incident Closed-Managed,
731,181289,['Smoke'],2023-07-24,,Harford,2023-07-31,Incident Closed-Managed,
732,181284,['Air'],2023-07-17,2022-11-30,Montgomery,,Under Investigation,20879
733,181283,"['Air', 'Fugitive Dust/Particulate Matter', 'Odor']",2023-07-14,2023-07-14,Montgomery,,Referred to Outside Agency,
734,181278,"['Odor', 'Open Burning', 'Smoke']",2023-07-11,2023-07-10,Allegany,2023-07-21,Incident Closed-Managed,21501
735,171278,['Air'],2023-07-20,2023-07-20,Frederick,,Under Investigation,
736,171263,"['Odor', 'Open Burning', 'Smoke']",2023-07-06,2023-06-28,Garrett,2024-01-31,Incident Closed - No further action,21550
737,171261,"['Odor', 'Open Burning', 'Smoke']",2023-07-06,2023-06-16,Garrett,2024-01-31,Incident Closed - No further action,21531
738,171257,['Air'],2023-07-17,2023-07-17,Frederick,,Under Investigation,21757
739,171251,['Air'],2023-07-13,2023-07-13,Prince George's,2023-07-13,Incident Closed-No Violation Observed,
740,171247,['Open Burning'],2023-07-03,2023-07-03,Wicomico,2023-07-06,Incident Closed-No Violation Observed,21804
741,171235,['Other'],2023-07-06,2023-07-06,Howard,2023-07-10,Incident Closed-Managed,
742,171234,['Air'],2023-07-10,2023-07-06,Anne Arundel,2023-07-17,Incident Closed-Managed,21054
743,171233,['Air'],2023-07-10,2023-07-05,Anne Arundel,2023-07-17,Incident Closed-Managed,21122
744,171232,['Air'],2023-07-10,2023-07-03,Anne Arundel,2023-07-14,Incident Closed-Clean-up Completed,21401
745,171231,['Air'],2023-07-10,2023-07-06,Frederick,2023-07-14,Incident Closed-No Violation Observed,21770
746,171223,['Other'],2023-07-05,2023-07-05,Prince George's,2023-07-07,Incident Closed-Managed,
747,171218,['Other'],2023-06-29,2023-06-29,Howard,2023-07-05,Incident Closed-Managed,
748,171217,['Other'],2023-06-28,2023-06-28,Prince George's,2023-07-05,Incident Closed-Managed,
749,171212,['Air'],2023-06-30,2023-06-29,Anne Arundel,2023-06-30,Incident Closed - No further action,
750,171211,['Smoke'],2023-06-29,,Harford,2023-06-30,Incident Closed - No further action,
751,171210,"['Air', 'Odor']",2023-06-29,2023-06-29,Carroll,,Referred to Outside Agency,21158
752,171206,['Odor'],2023-06-27,,Baltimore,,Incident Not Applicable to MDE,
754,171195,['Air'],2023-06-28,2023-06-28,Baltimore,2023-06-28,Incident Closed - No further action,
755,171188,['Fumes'],2023-06-26,,Harford,2023-06-29,Incident Closed-Managed,
756,171187,['Air'],2023-06-27,2023-06-27,Charles,,Under Investigation,
758,171155,['Air'],2023-06-23,2023-06-23,Frederick,,Under Investigation,
759,161146,['Fugitive Dust/Particulate Matter'],2023-06-21,,Baltimore,2023-06-21,Incident Closed - No further action,
760,161144,['Air'],2023-06-21,2023-06-20,Frederick,,Under Investigation,
761,161143,['Air'],2023-06-21,2023-06-19,Frederick,,Under Investigation,
762,161141,['Odor'],2023-06-20,2023-06-15,Washington,,Referred to WMA,21782
763,161135,"['Air', 'Fugitive Dust/Particulate Matter']",2023-06-06,2023-05-22,Cecil,2023-06-15,Incident Closed-Managed,21904
764,161134,['Air'],2023-06-15,2023-06-13,Anne Arundel,2023-06-16,Incident Closed-Managed,20794
765,161132,['Open Burning'],2023-06-12,2023-06-12,Cecil,,Referred to Outside Agency,21921
766,161130,['Fugitive Dust/Particulate Matter'],2023-06-14,,Baltimore,2023-06-23,Incident Closed-No Violation Observed,
767,161125,['Fugitive Dust/Particulate Matter'],2023-06-14,,Baltimore,2023-06-23,Incident Closed-No Violation Observed,
768,161116,['Open Burning'],2023-06-05,2023-06-05,Carroll,,Referred to Outside Agency,21771
769,161115,['Air'],2023-06-12,2023-06-12,Frederick,,Under Investigation,
770,161112,['Other'],2023-06-07,2023-06-07,Howard,2023-08-07,Incident Closed-Managed,
771,161111,['Other'],2023-06-06,2023-06-06,Howard,2023-06-12,Incident Closed-Managed,
772,161106,['Fugitive Dust/Particulate Matter'],2023-06-02,2023-06-02,Allegany,2024-01-31,Incident Closed - No further action,
773,161105,['Odor'],2023-06-09,,Harford,,Referred to Outside Agency,
774,161104,['Air'],2023-06-08,,Harford,2023-06-09,Incident Closed-Managed,
775,161102,['Open Burning'],2023-06-06,2023-06-06,Wicomico,2023-06-06,Incident Closed-No Violation Observed,21801
776,161102,['Open Burning'],2023-06-06,2023-06-06,Wicomico,2023-06-06,Incident Closed-No Violation Observed,21822
777,161101,['Fugitive Dust/Particulate Matter'],2023-06-07,2023-06-07,Dorchester,2023-06-08,Incident Closed-Managed,21664
778,161093,['Air'],2023-06-08,2023-06-07,Frederick,,Under Investigation,
779,161092,['Air'],2023-06-08,2023-06-05,Frederick,2023-06-08,Incident Closed - No further action,
780,161089,['Fugitive Dust/Particulate Matter'],2023-05-19,2023-05-10,Washington,2024-03-19,Incident Closed-No Violation Observed,21740
781,161086,['Non-Tidal Wetlands/Waterway'],2023-05-17,2023-05-17,Allegany,2023-06-08,Incident Closed - No further action,21539
782,161081,['Odor'],2023-06-01,2023-06-01,Baltimore City,2023-06-07,Incident Closed-Managed,
783,161080,['Odor'],2023-05-31,2023-05-31,Baltimore City,2023-06-07,Incident Closed-Managed,
784,161079,['Odor'],2023-05-29,2023-05-29,Baltimore City,2023-06-07,Incident Closed-Managed,
785,161078,['Odor'],2023-05-28,2023-05-28,Baltimore City,2023-06-07,Incident Closed-Managed,
786,161077,['Odor'],2023-05-27,2023-05-27,Baltimore City,2023-06-07,Incident Closed-Managed,
787,161076,['Odor'],2023-05-24,2023-05-24,Baltimore City,2023-06-07,Incident Closed-Managed,
788,161075,['Odor'],2023-05-19,2023-05-19,Baltimore City,2023-06-07,Incident Closed-Managed,
789,161074,['Odor'],2023-05-18,2023-05-18,Baltimore City,2023-06-07,Incident Closed-Managed,
790,161073,['Fugitive Dust/Particulate Matter'],2023-05-17,2023-05-17,Baltimore City,2023-06-07,Incident Closed-Managed,
791,161072,['Fugitive Dust/Particulate Matter'],2023-05-16,2023-05-16,Baltimore City,2023-06-07,Incident Closed-Managed,
792,161071,['Odor'],2023-05-10,2023-05-10,Baltimore City,2023-06-07,Incident Closed-Managed,
793,161070,['Odor'],2023-05-09,2023-05-09,Baltimore City,2023-06-07,Incident Closed-Managed,
795,161065,['Odor'],2023-05-08,2023-05-08,Baltimore City,2023-06-06,Incident Closed-Managed,
796,161064,['Other'],2023-06-05,2023-06-05,Howard,2023-06-06,Incident Closed-Managed,
797,161063,['Other'],2023-06-01,2023-06-01,Prince George's,2023-06-06,Incident Closed-Managed,
798,161062,['Odor'],2023-05-07,2023-05-07,Baltimore City,2023-06-06,Incident Closed-Managed,
799,161061,['Other'],2023-06-01,2023-06-01,Howard,2023-06-06,Incident Closed-Managed,21075
800,161060,['Odor'],2023-05-06,2023-05-06,Baltimore City,2023-06-06,Incident Closed-Managed,
801,161059,['Other'],2023-05-31,2023-05-31,Howard,2023-06-06,Incident Closed-Managed,21075
802,161058,['Other'],2023-05-23,2023-05-23,Howard,2023-06-06,Incident Closed-Managed,21075
803,161057,['Odor'],2023-05-05,2023-05-05,Baltimore City,2023-06-06,Incident Closed-Managed,
804,161055,['Air'],2023-06-06,2023-06-03,Anne Arundel,,Under Investigation,
805,161054,['Air'],2023-06-06,2023-06-02,Anne Arundel,2023-10-27,Incident Closed-No Violation Observed,
806,161042,['Air'],2023-06-02,2023-06-02,Frederick,,Under Investigation,
807,161041,['Air'],2023-06-02,2023-05-31,Frederick,,Under Investigation,
808,161040,['Air'],2023-06-02,2023-05-26,Frederick,,Under Investigation,
809,161035,['Air'],2023-06-02,2023-06-01,Anne Arundel,,Under Investigation,
810,161034,['Air'],2023-06-02,2023-05-31,Anne Arundel,2023-06-02,Incident Closed - No further action,
811,161033,['Air'],2023-06-02,2023-05-31,Anne Arundel,2023-06-02,Incident Closed-No Violation Observed,21113
812,161032,['Air'],2023-06-02,2023-05-30,Anne Arundel,2023-06-02,Incident Closed - No further action,
813,161031,['Air'],2023-06-02,2023-05-26,Anne Arundel,2023-06-12,Incident Closed-No Violation Observed,21113
814,161030,['Other'],2023-06-01,,St. Mary's,2023-06-02,Incident Closed - No further action,
815,161027,"['Air', 'Fugitive Dust/Particulate Matter']",2023-05-31,2023-05-31,Montgomery,,Referred to Outside Agency,20912
816,161012,"['Air', 'Fumes', 'Odor']",2023-05-25,2023-05-25,Montgomery,2024-09-16,Incident Closed-Managed,20853
817,161012,"['Air', 'Fumes', 'Odor']",2023-05-25,2023-05-25,Montgomery,2024-09-16,Incident Closed-Managed,20837
818,161008,['Other'],2023-05-25,,Baltimore,2023-05-26,Incident Closed - No further action,
819,161002,['Air'],2023-05-24,2023-05-24,Frederick,,Under Investigation,
820,161000,"['Fumes', 'Odor', 'Smoke']",2023-05-23,2023-05-23,Wicomico,2023-05-24,Incident Closed-Managed,21801
821,160992,['Odor'],2023-05-22,2023-05-13,Baltimore,2023-05-22,Incident Closed - No further action,21222
822,160990,"['Air', 'Fumes', 'Odor']",2023-05-19,2023-05-19,Montgomery,2024-09-16,Incident Closed-Managed,20837
823,160989,"['Air', 'Fumes', 'Odor']",2023-05-19,2023-05-19,Montgomery,2024-09-16,Incident Closed-Managed,20853
824,160989,"['Air', 'Fumes', 'Odor']",2023-05-19,2023-05-19,Montgomery,2024-09-16,Incident Closed-Managed,20837
825,160986,['Fumes'],2023-05-18,,Baltimore,,Referred to Outside Agency,
826,160982,['Air'],2023-05-19,2023-05-18,Frederick,2023-11-17,Incident Closed - No further action,
827,160982,['Air'],2023-05-19,2023-05-18,Frederick,2023-11-17,Incident Closed - No further action,
828,160981,['Air'],2023-05-19,2023-05-17,Anne Arundel,2023-05-19,Incident Closed - No further action,
829,150983,"['Air', 'Fumes', 'Odor']",2023-05-16,2023-05-16,Montgomery,2024-09-16,Incident Closed-Managed,20853
830,150983,"['Air', 'Fumes', 'Odor']",2023-05-16,2023-05-16,Montgomery,2024-09-16,Incident Closed-Managed,20837
831,150982,"['Air', 'Fumes', 'Odor']",2023-05-16,2023-05-16,Montgomery,2024-09-16,Incident Closed-Managed,20853
832,150981,['Air'],2023-05-09,2023-05-09,Montgomery,2023-05-18,Incident Closed-Managed,20879
833,150978,['Odor'],2023-05-04,2023-05-04,Dorchester,2023-05-04,Incident Closed - No further action,21835
834,150977,['Fumes'],2023-05-16,,Baltimore,2023-05-17,Incident Closed-Managed,
835,150965,"['Air', 'Fumes', 'Odor']",2023-05-15,2023-05-15,Montgomery,2024-09-16,Incident Closed-Managed,20837
836,150964,['Fumes'],2023-05-15,,Baltimore,2023-05-17,Incident Closed-Managed,
837,150963,['Odor'],2023-05-15,,Baltimore,,Referred to Outside Agency,
838,150958,['Air'],2023-05-15,2023-05-12,Frederick,2023-05-15,Incident Closed - No further action,
839,150957,['Air'],2023-05-15,2023-05-09,Frederick,,Under Investigation,
840,150956,['Air'],2023-05-15,2023-05-08,Anne Arundel,2023-05-15,Incident Closed-No Violation Observed,
841,150951,['Smoke'],2023-05-12,2023-03-09,Harford,2023-05-12,Incident Closed - No further action,
842,150950,['Smoke'],2023-05-12,2023-03-09,Harford,2023-05-12,Incident Closed - No further action,
843,150949,['Smoke'],2023-05-12,2023-03-09,Harford,2023-05-12,Incident Closed - No further action,
844,150947,"['Air', 'Fumes', 'Odor']",2023-05-11,2023-05-11,Montgomery,2024-09-16,Incident Closed-Managed,20837
845,150946,['Air'],2023-05-12,2023-05-11,Charles,2023-06-14,Incident Closed-No Violation Observed,20601
846,150945,"['Air', 'Fumes', 'Odor']",2023-05-07,2023-05-07,Montgomery,2024-09-16,Incident Closed-Managed,20837
847,150941,['Odor'],2023-04-07,2023-04-07,Howard,2023-04-07,Incident Closed - No further action,20723
848,150938,"['Air', 'Other']",2023-04-20,2023-04-20,Carroll,,Referred to Outside Agency,21776-811
849,150932,['Other'],2023-05-08,2023-05-08,Prince George's,2023-05-10,Incident Closed-Managed,
850,150931,['Other'],2023-05-03,2023-05-03,Prince George's,2023-06-14,Incident Closed-Managed,
851,150930,['Fugitive Dust/Particulate Matter'],2023-04-20,2023-04-20,Baltimore City,2023-05-09,Incident Closed-Managed,
852,150929,['Odor'],2023-04-26,2023-04-26,Baltimore City,2023-05-09,Incident Closed-Managed,
853,150928,['Odor'],2023-04-23,2023-04-23,Baltimore City,2023-05-09,Incident Closed-Managed,
854,150927,['Odor'],2023-04-22,2023-04-22,Baltimore City,2023-05-09,Incident Closed-Managed,
855,150926,['Odor'],2023-04-21,2023-04-21,Baltimore City,2023-05-09,Incident Closed-Managed,
856,150925,['Air'],2023-05-09,2023-05-09,Frederick,,Under Investigation,
857,150916,['Air'],2023-05-08,2023-05-04,Anne Arundel,2023-05-08,Incident Closed-No Violation Observed,
858,150915,['Air'],2023-05-08,2023-05-04,Anne Arundel,2023-05-19,Incident Closed - No further action,
859,150914,['Air'],2023-05-08,2023-05-03,Anne Arundel,2023-05-19,Incident Closed - No further action,
860,150902,['Open Burning'],2023-05-03,2023-05-03,Somerset,2023-05-03,Incident Closed-No Violation Observed,21853
861,150896,['Odor'],2023-05-02,,Baltimore,2023-05-08,Incident Closed-No Violation Observed,21093
862,150894,"['Air', 'Other']",2023-05-01,2023-05-01,Cecil,2023-05-02,Incident Closed - No further action,
863,150891,['Other'],2023-04-28,2023-04-28,Cecil,,Referred to Outside Agency,21901
864,150887,['Air'],2023-05-01,2023-04-28,Anne Arundel,2023-05-05,Incident Closed - No further action,
865,150886,['Air'],2023-05-01,2023-04-26,Anne Arundel,,Under Investigation,
866,150867,['Other'],2023-04-27,,Baltimore,2023-04-27,Incident Closed-Managed,
867,150864,"['Air', 'Fugitive Dust/Particulate Matter']",2023-04-20,2023-04-20,Montgomery,2023-04-27,Incident Closed-Managed,20852
868,150854,"['Open Burning', 'Smoke']",2023-04-19,2023-04-19,Worcester,2023-05-02,Incident Closed-No Violation Observed,21851
869,150854,"['Open Burning', 'Smoke']",2023-04-19,2023-04-19,Worcester,2023-05-02,Incident Closed-No Violation Observed,21851
870,150854,"['Open Burning', 'Smoke']",2023-04-19,2023-04-19,Worcester,2023-05-02,Incident Closed-No Violation Observed,21851
871,150854,"['Open Burning', 'Smoke']",2023-04-19,2023-04-19,Worcester,2023-05-02,Incident Closed-No Violation Observed,21851
872,150854,"['Open Burning', 'Smoke']",2023-04-19,2023-04-19,Worcester,2023-05-02,Incident Closed-No Violation Observed,21851
873,150848,['Open Burning'],2023-04-23,,Harford,2023-04-28,Incident Closed-Managed,
874,150843,['Odor'],2023-04-16,2023-04-16,Baltimore City,2023-04-21,Incident Closed-Managed,
875,150842,['Odor'],2023-04-03,2023-04-03,Baltimore City,2023-04-21,Incident Closed-Managed,
876,150841,['Odor'],2023-03-29,2023-03-29,Baltimore City,2023-04-21,Incident Closed-Managed,
877,150840,['Odor'],2023-03-27,2023-03-27,Baltimore City,2023-04-21,Incident Closed-Managed,
878,150839,['Odor'],2023-03-26,2023-03-26,Baltimore City,2023-04-21,Incident Closed-Managed,
879,150837,['Odor'],2023-03-25,2023-03-25,Baltimore City,2023-04-21,Incident Closed-Managed,
880,140835,['Fugitive Dust/Particulate Matter'],2023-04-19,,Baltimore,2023-04-24,Incident Closed - No further action,
881,140834,['Air'],2023-04-20,2023-04-20,Anne Arundel,,Under Investigation,
884,140827,['Other'],2023-04-12,2023-04-12,Prince George's,2023-04-19,Incident Closed-Managed,
885,140826,['Air'],2023-04-19,2023-04-19,Frederick,,Under Investigation,
886,140816,['Air'],2023-04-17,2023-04-17,Frederick,,Under Investigation,
887,140809,['Odor'],2023-04-14,,Baltimore,2023-04-14,Incident Closed - No further action,
888,140797,['Other'],2023-04-09,2023-04-09,Prince George's,2023-04-12,Incident Closed-Managed,
889,140796,['Other'],2023-04-09,2023-04-09,Prince George's,2023-04-12,Incident Closed-Managed,
890,140795,['Other'],2023-04-10,2023-04-10,Prince George's,2023-04-12,Incident Closed-Managed,
891,140792,['Other'],2023-04-12,2023-04-04,Prince George's,2023-04-12,Incident Closed-Managed,
892,140791,['Other'],2023-04-04,2023-04-04,Prince George's,2023-04-12,Incident Closed-Managed,
893,140782,"['Air', 'Fumes', 'Odor']",2023-04-10,2023-04-10,Montgomery,,Referred to Outside Agency,20837
894,140781,"['Air', 'Fumes', 'Odor']",2023-03-30,2023-03-30,Montgomery,,Referred to Outside Agency,20837
895,140780,"['Air', 'Fumes', 'Other']",2023-03-30,2023-03-30,Montgomery,,Referred to Outside Agency,20847
896,140778,['Air'],2023-04-10,2023-04-10,Frederick,2023-04-10,Incident Closed - No further action,21757
897,140777,"['Fumes', 'Open Burning', 'Smoke']",2023-03-31,2023-03-31,Cecil,,Referred to Outside Agency,21919
898,140776,"['Open Burning', 'Smoke']",2023-03-31,2023-03-31,Cecil,,Referred to Outside Agency,21921
899,140775,['Fugitive Dust/Particulate Matter'],2023-04-05,2023-04-05,Cecil,2023-04-07,Incident Closed - No further action,
900,140774,"['Open Burning', 'Smoke']",2023-04-05,2023-04-05,Cecil,,Referred to Outside Agency,21919
901,140773,['Smoke'],2023-04-05,,St. Mary's,2023-04-07,Incident Closed-Managed,
902,140772,['Smoke'],2023-04-03,,St. Mary's,2023-04-07,Incident Closed-Managed,
903,140771,"['Air', 'Odor', 'Smoke']",2023-04-06,2023-04-06,Montgomery,,Referred to Outside Agency,
904,140769,['Smoke'],2023-04-05,2023-04-05,Wicomico,2023-04-06,Incident Closed - No further action,21849
905,140768,"['Fumes', 'Smoke']",2023-04-05,2023-04-05,Garrett,2023-05-26,Incident Closed-Managed,21536
906,140767,['Asbestos Complaint'],2023-03-21,2023-03-21,Allegany,,Referred to ARA,21501
907,140766,['Other'],2023-03-17,2023-03-17,Allegany,2023-04-06,Incident Closed - No further action,
908,140765,['Asbestos Complaint'],2023-03-10,2023-03-10,Allegany,,Referred to ARA,
910,140761,['Odor'],2023-04-05,2023-03-30,Baltimore City,2023-04-07,Incident Closed - No further action,21231
911,140760,['Air'],2023-04-05,2023-04-05,Anne Arundel,2023-04-05,Incident Closed-No Violation Observed,
912,140757,['Odor'],2023-03-24,2023-03-24,Dorchester,2023-03-24,Incident Closed - No further action,21835
913,140756,['Odor'],2023-04-03,2023-04-03,Baltimore City,2023-04-03,Incident Closed - No further action,21224
914,140752,['Air'],2023-04-04,2023-04-03,Frederick,2023-06-21,Incident Closed-Managed,
915,140751,['Air'],2023-04-04,2023-04-02,Anne Arundel,2023-04-04,Incident Closed-No Violation Observed,
916,140750,"['Air', 'Fumes', 'Odor']",2023-03-31,2023-03-31,Cecil,2023-04-03,Incident Closed-Managed,21920
917,140734,['Air'],2023-03-31,2023-03-29,Frederick,2023-06-21,Incident Closed-Managed,21757
918,140732,['Other'],2023-03-29,2023-03-29,Prince George's,2023-03-31,Incident Closed-Managed,
919,140729,['Other'],2023-03-29,,Baltimore,2023-03-30,Incident Closed - No further action,
920,140728,['Smoke'],2023-03-28,,Baltimore,,Referred to Outside Agency,
921,140726,"['Odor', 'Smoke']",2023-03-30,2023-03-26,Caroline,,Referred to Outside Agency,21629
922,140716,"['Air', 'Fumes', 'Odor']",2023-03-27,2023-03-27,Montgomery,,Referred to Outside Agency,20837
923,140715,['Other'],2023-03-27,2023-03-27,Prince George's,2023-03-29,Incident Closed-Managed,
924,140714,['Odor'],2023-03-27,2023-03-27,Howard,2023-06-06,Incident Closed-Managed,21075
925,140713,['Odor'],2023-03-24,2023-03-24,Dorchester,2023-03-24,Incident Closed-Managed,21835
926,140712,"['Air', 'Fumes', 'Odor']",2023-03-27,2023-03-27,Montgomery,2024-09-16,Incident Closed-Managed,20837
927,140710,"['Air', 'Fumes', 'Odor', 'Smoke']",2023-03-27,2023-03-27,Montgomery,2023-03-28,Incident Closed-Managed,
928,140709,"['Air', 'Fumes', 'Smoke']",2023-03-27,2023-03-27,Montgomery,2023-03-28,Incident Closed-Managed,
929,140708,"['Air', 'Fumes', 'Odor']",2023-03-22,2023-03-22,Montgomery,,Referred to Outside Agency,20837
930,140707,['Air'],2023-03-28,2023-03-26,Anne Arundel,,Under Investigation,21060
931,140706,['Air'],2023-03-28,2023-03-27,Anne Arundel,2023-03-28,Incident Closed - No further action,
933,140704,"['Fumes', 'Odor', 'Open Burning']",2023-03-22,2023-03-22,Carroll,,Referred to Outside Agency,21776
934,140700,['Fugitive Dust/Particulate Matter'],2023-03-26,,Harford,2023-03-27,Incident Closed-No Violation Observed,21001
935,140696,['Odor'],2023-03-22,2023-03-22,Anne Arundel,2023-03-22,Incident Closed - No further action,21226
936,140690,['Fugitive Dust/Particulate Matter'],2023-03-23,,Harford,2023-03-27,Incident Closed-No Violation Observed,
937,140676,['Air'],2023-03-22,2023-03-22,Anne Arundel,2023-03-22,Incident Closed - No further action,
938,140674,['Fugitive Dust/Particulate Matter'],2023-03-21,,Baltimore,2023-03-28,Incident Closed-No Violation Observed,
939,140673,['Smoke'],2023-03-18,,Baltimore,2023-03-22,Incident Closed-No Violation Observed,21228
940,140671,['Air'],2023-03-22,2023-03-22,Frederick,,Under Investigation,21757
941,140670,['Air'],2023-03-22,2023-03-21,Frederick,,Under Investigation,21757
942,140654,['Air'],2023-03-20,2023-03-20,Anne Arundel,2023-03-28,Incident Closed - No further action,
943,140652,['Other'],2023-03-15,2023-03-13,Queen Anne's,2023-03-15,Incident Closed-Managed,21638
944,140651,['Open Burning'],2023-03-14,2023-03-14,Somerset,2023-03-15,Incident Closed-Managed,21853
945,140649,['Odor'],2023-03-17,2023-03-17,Baltimore City,2023-03-17,Incident Closed-Managed,
946,140648,['Odor'],2023-03-12,2023-03-12,Baltimore City,2023-03-17,Incident Closed-Managed,
947,140647,['Odor'],2023-03-10,2023-03-10,Baltimore City,2023-03-17,Incident Closed-Managed,
948,140646,['Fumes'],2023-03-17,,Baltimore,2023-03-17,Incident Closed - No further action,
949,140645,['Other'],2023-03-13,,St. Mary's,2023-03-17,Incident Closed - No further action,
950,140644,['Other'],2023-03-13,,Baltimore,2023-03-17,Incident Closed - No further action,
951,140640,['Odor'],2023-03-10,2023-03-10,Dorchester,2023-03-10,Incident Closed - No further action,21835
955,140634,['Air'],2023-03-15,2023-03-10,Anne Arundel,,Under Investigation,21060
959,140627,"['Air', 'Odor', 'Smoke']",2023-03-13,2023-03-13,Montgomery,,Referred to Outside Agency,
961,140624,['Air'],2023-03-13,2023-03-10,Anne Arundel,2023-03-13,Incident Closed-No Violation Observed,
962,140618,['Air'],2023-03-10,2023-03-09,Anne Arundel,,Under Investigation,21060
963,140616,['Odor'],2023-03-10,,Baltimore,2023-03-10,Incident Closed - No further action,
968,140607,['Air'],2023-03-10,2023-03-09,Anne Arundel,,Under Investigation,21122
